dates,rate,fluctuation,prices,anger,depression,fatigue,tension,confusion,vigour
2017-01-20,0.0034469177756385637,-0.6800079345703125,197.9600067138672,0.597561,0.071944535,1.3892939,0.78244656,-0.31852376,-0.17540321
2017-01-23,-0.0009093146517745741,0.1800079345703125,197.77999877929688,-0.6826145,0.9993134,-0.36439902,-0.44778088,-0.45875615,-0.2658575
2017-01-24,0.005359478031833763,-1.05999755859375,198.83999633789062,-0.68352276,0.99985284,-0.36441988,-0.44908097,-0.4590688,-0.26587597
2017-01-25,0.007946096661406974,-1.5800018310546875,200.4199981689453,-0.28589183,0.006275255,-0.3244845,3.5409532,-0.3727986,-0.19207244
2017-01-26,0.001496871841625919,-0.3000030517578125,200.72000122070312,2.52527,0.27252135,-0.36358577,-0.44730476,-0.433088,-0.2658772
2017-01-27,-0.00044836756348794996,0.089996337890625,200.6300048828125,-0.6828398,0.002026745,4.8311186,-0.44865552,-0.45825347,-0.26441565
2017-01-30,-0.006230374169258092,1.25,199.3800048828125,-0.11887702,0.045824774,-0.3636854,-0.44807482,5.409695,-0.19051921
2017-01-31,-0.005115880466852505,1.0200042724609375,198.36000061035156,0.9515818,0.6298567,-0.3644909,-0.44391257,-0.45639434,-0.2658811
2017-02-01,0.0013611830592364252,-0.2700042724609375,198.6300048828125,-0.55452806,0.9610516,-0.3644801,-0.44873345,-0.38948104,-0.26588088
2017-02-02,-0.0001007112317836351,0.0200042724609375,198.61000061035156,-0.6022193,0.9460394,-0.34335452,-0.31945202,-0.43692702,-0.26588023
2017-02-03,0.008911959453308036,-1.7700042724609375,200.3800048828125,-0.66135985,0.9917782,-0.36450344,-0.44873312,-0.43732402,-0.2658804
2017-02-06,-0.0004990822491201714,0.100006103515625,200.27999877929688,-0.68051624,0.9990478,-0.3644858,-0.44902045,-0.4581508,-0.2658803
2017-02-07,0.0014979181824761629,-0.3000030517578125,200.5800018310547,0.39574224,0.5566605,-0.3641339,-0.42919022,0.94877344,-0.2658702
2017-02-08,-0.00034902444700202987,0.07000732421875,200.50999450683594,-0.1382153,0.86166114,-0.36445725,-0.4491888,-0.3487337,-0.26587746
2017-02-09,0.006034645389339607,-1.2100067138671875,201.72000122070312,-0.5544047,0.2142225,-0.2805607,0.5086927,-0.31368953,3.1537225
2017-02-10,0.00505653512932981,-1.0200042724609375,202.74000549316406,0.3401654,0.7531913,-0.3571421,-0.42577568,-0.39103714,-0.26585543
2017-02-13,0.007201299277499293,-1.459991455078125,204.1999969482422,-0.29514462,0.010979612,0.064607225,3.2604809,-0.4090641,-0.26492712
2017-02-14,0.004750250906952695,-0.970001220703125,205.1699981689453,-0.37693802,0.30444244,-0.36128122,-0.19966264,3.6527352,-0.26586688
2017-02-15,0.005897581150587226,-1.2100067138671875,206.3800048828125,2.1069167,0.025291268,-0.36281663,-0.13139448,1.526754,-0.2658302
2017-02-16,0.0004844987031730118,-0.0999908447265625,206.47999572753906,-0.5777512,0.9506695,-0.36425254,-0.44845608,-0.277841,-0.26584736
2017-02-17,-0.0029058061659313532,0.5999908447265625,205.8800048828125,0.15703471,0.5158492,-0.35158822,-0.42768478,1.5434538,-0.20377505
2017-02-21,0.005780077779207373,-1.19000244140625,207.07000732421875,-0.66385174,0.9772591,-0.36361507,-0.43256074,-0.35705417,-0.26439872
2017-02-22,0.0018350780440572003,-0.3799896240234375,207.4499969482422,-0.14922248,0.8295785,-0.1389925,-0.4423775,-0.42219335,-0.26588058
2017-02-24,0.0005292337007327332,-0.1099853515625,207.92999267578125,-0.06165617,0.24971175,-0.36150357,2.2980797,-0.4015067,-0.2647604
2017-02-27,0.0017313548936295122,-0.3600006103515625,208.2899932861328,0.668526,0.63627017,-0.35381222,-0.30160326,-0.2822982,-0.26587307
2017-02-28,-0.0014882978951749216,0.30999755859375,207.97999572753906,-0.661742,0.98916334,-0.36450717,-0.44919106,-0.41727343,-0.2657671
2017-03-01,0.014616831461543016,-3.040008544921875,211.02000427246094,-0.37315184,0.15909192,0.39566287,-0.2599039,-0.39257434,3.5800781
2017-03-02,-0.005354965690141306,1.1300048828125,209.88999938964844,-0.6834156,0.999504,-0.36449718,-0.44757682,-0.45902568,-0.265847
2017-03-03,9.530836399594602e-05,-0.0200042724609375,209.91000366210938,1.2579025,0.52756613,-0.36450484,-0.29276037,-0.45516628,-0.26585546
2017-03-06,-0.002048534739023173,0.4300079345703125,209.47999572753906,0.089282796,0.10295773,3.3349605,-0.4158009,-0.4204222,-0.26585305
2017-03-07,-0.0014798432543265347,0.30999755859375,209.1699981689453,0.5660441,0.6159146,-0.34128648,-0.057078116,-0.37817955,-0.26020208
2017-03-08,-0.002677236522904415,0.55999755859375,208.61000061035156,-0.67576206,0.989722,-0.3643518,-0.41722894,-0.4498084,-0.26513222
2017-03-09,0.0002876063391889604,-0.05999755859375,208.6699981689453,-0.43070218,0.06915078,1.5494912,1.6371589,-0.34074417,-0.04277584
2017-03-10,0.002300262288546358,-0.4799957275390625,209.14999389648438,1.0094326,0.5212342,-0.36430818,-0.44918695,0.15548536,-0.18742539
2017-03-13,-0.001004023242678444,0.209991455078125,208.94000244140625,-0.5842482,0.11515224,4.037054,-0.44843292,-0.3394281,-0.26095614
2017-03-14,-0.001914468989180822,0.4000091552734375,208.5399932861328,-0.6569607,0.88499194,-0.36402404,-0.36586076,-0.37279913,0.26052055
2017-03-15,0.004987093979114614,-1.040008544921875,209.5800018310547,-0.08646796,0.86486536,-0.3645071,-0.44918382,-0.455702,-0.2658811
2017-03-16,-0.0006679997539139871,0.1399993896484375,209.44000244140625,-0.65515006,0.9920779,-0.36447483,-0.4491321,-0.44897333,-0.2658757
2017-03-17,-0.002769298244335874,0.5800018310546875,208.86000061035156,-0.6817945,0.96992075,-0.3645071,-0.35678962,-0.39167833,-0.2658811
2017-03-20,-0.00023940942072052374,0.0500030517578125,208.80999755859375,-0.3608924,9.2051414e-05,3.6712148,-0.43794265,0.61946696,-0.2645879
2017-03-21,-0.011781004184858687,2.459991455078125,206.35000610351562,1.948503,0.100337595,0.7166725,-0.07384612,-0.4102353,-0.1995068
2017-03-22,0.00029075627244543034,-0.05999755859375,206.41000366210938,-0.64520746,0.90926164,-0.30791017,-0.13858026,-0.43709224,-0.26522034
2017-03-23,-0.00048450221278680737,0.100006103515625,206.30999755859375,-0.6660629,0.9949222,-0.3645072,-0.44911012,-0.45172825,-0.2658811
2017-03-24,-0.0027143500810459078,0.55999755859375,205.75,0.21426196,0.66498554,-0.3576458,-0.42531717,0.44825304,-0.2658445
2017-03-27,-0.0025273597689474485,0.5200042724609375,205.22999572753906,0.8580523,0.47768557,-0.3628056,-0.44803363,0.7776131,-0.2496237
2017-03-28,0.007406345583512448,-1.5200042724609375,206.75,-0.58814967,0.97626644,-0.36450323,-0.44521418,-0.4499802,-0.26588106
2017-03-29,-0.0021281859318319227,0.44000244140625,206.30999755859375,-0.6812595,0.99931645,-0.3645068,-0.44899106,-0.458897,-0.2658795
2017-03-30,0.003150643027315385,-0.6500091552734375,206.9600067138672,1.2049372,0.48811832,-0.36403582,-0.44872618,0.15986545,-0.26582745
2017-03-31,-0.002995798008616025,0.6200103759765625,206.33999633789062,-0.034295272,0.43041366,-0.09172812,0.8729164,0.1199476,-0.2591011
2017-04-03,-0.00043615556599725885,0.089996337890625,206.25,-0.6825606,0.998268,-0.3645072,-0.4491832,-0.44893238,-0.2658811
2017-04-04,0.001939364346590909,-0.399993896484375,206.64999389648438,-0.6823283,0.9783621,-0.36449075,-0.40315545,-0.3785491,-0.26587924
2017-04-05,-0.0018872460738798616,0.3899993896484375,206.25999450683594,-0.62708545,0.00049933797,-0.3553912,2.9465451,-0.44002828,1.3351123
2017-04-06,0.0009211793196278441,-0.19000244140625,206.4499969482422,-0.68301016,0.9997495,-0.36450472,-0.44916865,-0.45889646,-0.26588002
2017-04-07,-0.00033902672058278005,0.0699920654296875,206.3800048828125,-0.25437012,0.46221748,-0.12855616,0.07438251,0.05061966,1.1423683
2017-04-10,4.842768969606634e-05,-0.0099945068359375,206.38999938964844,-0.35966673,0.9205869,-0.3583252,-0.4473205,-0.4265115,-0.2645339
2017-04-11,-0.0002906999310585743,0.05999755859375,206.3300018310547,-0.6774029,0.9952364,-0.36442626,-0.44891098,-0.43604758,-0.2658518
2017-04-12,-0.003198776989542187,0.660003662109375,205.6699981689453,0.8050955,0.021843774,-0.3480199,2.3545861,-0.27380577,-0.2658801
2017-04-13,-0.006320820067737539,1.3000030517578125,204.3699951171875,0.11970303,0.25459152,0.8897418,0.32250705,0.6523867,-0.26418078
2017-04-17,0.008807570067835424,-1.8000030517578125,206.1699981689453,-0.559381,0.30319953,1.7262326,0.45634168,0.02675223,-0.2542195
2017-04-18,-0.005286881445269409,1.089996337890625,205.0800018310547,-0.5783494,0.886738,-0.20979537,-0.2972837,-0.4459116,-0.10058441
2017-04-19,-0.00599763856327803,1.2299957275390625,203.85000610351562,-0.3612183,0.60397536,-0.2842073,-0.4427943,-0.32086062,1.6579763
2017-04-20,0.009075255282490067,-1.8499908447265625,205.6999969482422,-0.66850615,0.7978973,0.011685625,0.11811834,-0.45553383,-0.25417542
2017-04-21,-0.002187637116763861,0.4499969482421875,205.25,-0.5748907,0.9370891,-0.3637931,-0.4461972,-0.18887255,-0.2658765
2017-04-24,0.010377612096528623,-2.1300048828125,207.3800048828125,0.14343776,0.80481124,-0.36442515,-0.437185,-0.41736835,-0.2640507
2017-04-25,0.011090692153606807,-2.29998779296875,209.67999267578125,2.8998632,0.18481837,-0.36448726,-0.44787872,-0.4073207,-0.26588038
2017-04-26,-0.0010014854178425376,0.209991455078125,209.47000122070312,-0.39989296,0.8876002,-0.36132056,-0.44676447,-0.11904131,-0.26588094
2017-04-27,0.0004296383127233693,-0.089996337890625,209.55999755859375,0.6478861,0.27272388,-0.33655125,1.3181359,-0.20794585,-0.26555774
2017-04-28,-0.002290493095681841,0.4799957275390625,209.0800018310547,-0.68072075,0.9957201,-0.36430302,-0.44510314,-0.4403464,-0.26582423
2017-05-01,-0.0007652748264210587,0.160003662109375,208.9199981689453,-0.414702,0.41836774,-0.2693881,0.44134983,1.5007715,-0.027767688
2017-05-02,0.0010052015877262425,-0.2100067138671875,209.1300048828125,-0.65404683,0.9908897,-0.36449638,-0.44862124,-0.4429786,-0.26588106
2017-05-03,0.00043033680385105475,-0.089996337890625,209.22000122070312,-0.6491198,0.9545251,-0.3645032,-0.44890338,-0.18871115,-0.2658811
2017-05-04,-0.00014338389791533233,0.029998779296875,209.19000244140625,-0.032606293,0.5159767,0.4343337,0.13855244,-0.062472865,-0.26479685
2017-05-05,0.0027726077933248505,-0.5800018310546875,209.77000427246094,0.15367942,0.00035460375,3.748411,-0.35176834,-0.45844144,-0.26587293
2017-05-08,0.0007150397741783644,-0.149993896484375,209.9199981689453,-0.27494758,0.8769337,-0.36428106,-0.4487025,-0.24084021,-0.26308647
2017-05-09,-0.0014291304038425517,0.3000030517578125,209.6199951171875,-0.06894758,0.86100477,-0.36419985,-0.44918707,-0.45676017,-0.26587614
2017-05-10,-0.0006678723066001944,0.1399993896484375,209.47999572753906,-0.30655268,0.9032254,-0.3644911,-0.43512806,-0.39695695,-0.26586723
2017-05-11,-0.0009547305342812507,0.1999969482421875,209.27999877929688,3.6309967,0.008028718,-0.35121697,-0.44847602,-0.33868346,-0.26546413
2017-05-12,-0.0012901580372507524,0.2700042724609375,209.00999450683594,0.49379948,0.01754639,0.39673632,0.5921555,2.0101483,-0.26582035
2017-05-15,0.0044016946228627495,-0.9199981689453125,209.92999267578125,-0.65370023,0.81619465,0.42100796,-0.40349337,-0.34430018,-0.2641299
2017-05-16,9.52902070159759e-05,-0.0200042724609375,209.9499969482422,-0.1476289,0.7246161,-0.3161695,-0.061745454,-0.059304953,-0.23307689
2017-05-17,-0.01657535498034309,3.4799957275390625,206.47000122070312,-0.59137225,0.004336365,0.24686597,3.4426296,-0.4387421,-0.24699846
2017-05-18,0.0023732527256600257,-0.4900054931640625,206.9600067138672,-0.6746815,2.0611871e-05,4.750447,-0.44629467,-0.4573865,-0.1638617
2017-05-19,0.003913787844593633,-0.80999755859375,207.77000427246094,-0.6691667,0.00086682476,4.8163886,-0.44372064,-0.45802927,-0.26579225
2017-05-22,0.004235402637184604,-0.8799896240234375,208.64999389648438,-0.37400448,0.16454965,-0.1959754,0.039136782,1.1240422,2.4562495
2017-05-23,0.0022525820007275074,-0.470001220703125,209.1199951171875,-0.6839472,0.9999498,-0.36450717,-0.44907513,-0.45896128,-0.26588106
2017-05-24,0.0033474188187455453,-0.70001220703125,209.82000732421875,-0.47927698,0.72312504,-0.32968083,-0.0067528426,0.32636362,-0.14451435
2017-05-25,0.0036221260142345543,-0.7599945068359375,210.5800018310547,0.8405565,0.43453667,-0.3336631,-0.3678422,0.9668963,-0.2653225
2017-05-26,-0.00018999213873107136,0.040008544921875,210.5399932861328,-0.60796136,0.0072583356,0.68184376,-0.20377348,-0.35823047,4.4692235
2017-05-30,-0.0015673343915099266,0.329986572265625,210.2100067138672,0.07316762,0.09239755,-0.36441696,-0.4487669,4.8458924,-0.26587093
2017-05-31,-0.0009990329059503032,0.2100067138671875,210.0,0.17214786,0.8068711,-0.36445457,-0.4491578,-0.4579081,-0.26588106
2017-06-01,0.006666637602306548,-1.399993896484375,211.39999389648438,-0.68390214,2.920384e-05,-0.3644905,-0.4046683,-0.45903486,6.3654976
2017-06-02,0.002412534438741446,-0.510009765625,211.91000366210938,-0.63095707,0.93505514,-0.36428976,-0.4086294,-0.14176357,-0.2658811
2017-06-05,-0.00023596362084700066,0.0500030517578125,211.86000061035156,-0.497696,0.15681688,3.7954166,-0.44915617,-0.43948278,-0.26587743
2017-06-06,-0.0023128740288511102,0.4900054931640625,211.3699951171875,-0.4028664,0.806113,-0.2181044,-0.041347936,-0.36457568,-0.2656188
2017-06-07,0.001655893038752142,-0.350006103515625,211.72000122070312,-0.6360695,0.005126435,0.52460927,3.2655237,-0.4568816,-0.26538122
2017-06-09,0.0038232679895223846,-0.80999755859375,212.6699981689453,-0.53224456,0.13965394,0.54450727,-0.017801153,-0.4308148,3.4397502
2017-06-12,-0.0012695926777901497,0.2700042724609375,212.39999389648438,2.6446397,0.021706836,0.69845074,-0.44917056,-0.33444777,-0.22054705
2017-06-13,0.0045668608690067405,-0.970001220703125,213.3699951171875,0.8542175,0.44534326,-0.36422893,-0.4350536,1.0156673,-0.26587322
2017-06-14,0.002202752174432914,-0.470001220703125,213.83999633789062,1.5914147,0.3540869,-0.36201328,0.11812133,-0.3982491,-0.2658449
2017-06-15,-0.0007014305043634971,0.149993896484375,213.69000244140625,1.0562344,0.09549537,1.9698248,-0.44178104,-0.06601916,-0.21209794
2017-06-16,-0.0006083807446637439,0.1300048828125,213.55999755859375,-0.34864098,0.8980923,-0.3644512,-0.44862896,-0.2915724,-0.2462572
2017-06-19,0.0063682366824265564,-1.3600006103515625,214.9199981689453,-0.6446708,0.96412563,-0.36449683,-0.44890586,-0.2650542,-0.2658809
2017-06-20,-0.0024195248319896696,0.5200042724609375,214.39999389648438,-0.6204919,0.98173445,-0.3632203,-0.44739515,-0.43520585,-0.26588103
2017-06-21,-0.0023787057898992793,0.5099945068359375,213.88999938964844,-0.28039417,0.8714716,-0.3468716,-0.3700353,-0.33814543,-0.26545945
2017-06-22,-0.0007480651856840327,0.160003662109375,213.72999572753906,-0.5571975,0.73873913,-0.3629237,0.5705781,-0.39313287,-0.26569945
2017-06-23,4.6833695901816014e-05,-0.010009765625,213.74000549316406,0.1290256,0.79606146,-0.34496456,-0.42740345,-0.37139598,-0.26581717
2017-06-26,0.0006081670285518679,-0.1299896240234375,213.8699951171875,0.35706618,0.74882513,-0.36384305,-0.4491603,-0.34092838,-0.2658452
2017-06-27,-0.004395204857470478,0.94000244140625,212.92999267578125,1.0994664,0.43287787,-0.36373365,-0.44900033,0.72860026,-0.26571622
2017-06-28,0.006152317017065365,-1.3100128173828125,214.24000549316406,-0.6830987,0.08394182,4.4054117,-0.44914368,-0.45695505,-0.26588
2017-06-29,-0.007608312364725504,1.6300048828125,212.61000061035156,1.5223224,0.09812652,-0.15863949,-0.3930385,1.8823045,-0.08094971
2017-06-30,0.0029631949626259787,-0.6300048828125,213.24000549316406,3.6850302,0.009711111,-0.3642907,-0.4486214,-0.41972607,-0.2658811
2017-07-03,0.005861939447568022,-1.25,214.49000549316406,-0.6371574,0.9867882,-0.36431804,-0.4488789,-0.44081005,-0.2657737
2017-07-05,0.0004195828970384974,-0.089996337890625,214.5800018310547,-0.6834085,0.9996121,-0.3645072,-0.44919065,-0.45722166,-0.2658811
2017-07-06,-0.006710795177175958,1.44000244140625,213.13999938964844,-0.330644,0.5283088,-0.12742893,1.0178457,-0.27576232,-0.26587188
2017-07-07,0.004269511423080032,-0.910003662109375,214.0500030517578,-0.22485498,0.85603327,-0.35993755,-0.32602626,-0.37061787,-0.26340085
2017-07-10,-0.00028029692940131586,0.05999755859375,213.99000549316406,-0.41504356,0.68281126,0.46573913,-0.22175905,-0.20272972,-0.18663828
2017-07-11,-4.6776790354911055e-05,0.010009765625,213.97999572753906,-0.6596283,0.9808466,-0.3616503,-0.44914848,-0.44540843,-0.19082336
2017-07-12,0.005841667562194114,-1.25,215.22999572753906,1.706657,0.04947423,-0.10812175,-0.17749429,1.7227591,-0.26581144
2017-07-13,0.0010686753282256125,-0.230010986328125,215.4600067138672,-0.6810406,0.9978322,-0.36450222,-0.4489178,-0.44868785,-0.26587975
2017-07-14,0.0037129293977565913,-0.79998779296875,216.25999450683594,-0.61518955,0.8521997,-0.19987597,-0.4336367,0.20612644,-0.2330928
2017-07-17,-0.00018493150443295845,0.0399932861328125,216.22000122070312,-0.64253604,0.98698765,-0.36446637,-0.44459018,-0.4428753,-0.2631659
2017-07-18,-0.0024049776594448884,0.5200042724609375,215.6999969482422,2.0414805,0.03509286,0.48869172,0.33304808,-0.35332927,-0.2591847
2017-07-19,0.0028744106849724975,-0.6200103759765625,216.32000732421875,-0.42032042,0.93805516,-0.36440852,-0.44716337,-0.44425446,-0.26587918
2017-07-20,-0.0006009840902864325,0.1300048828125,216.19000244140625,-0.4431286,0.62692904,-0.038911324,0.59266436,-0.34379235,-0.18384314
2017-07-21,-0.003052887065340846,0.660003662109375,215.52999877929688,-0.48660684,0.90303636,-0.3621016,-0.3480357,-0.24842149,-0.2617376
2017-07-24,-0.0020414904834515093,0.44000244140625,215.08999633789062,2.955983,0.11471614,-0.3645006,-0.44919205,0.008412097,-0.2658811
2017-07-25,0.0035799167119391143,-0.7700042724609375,215.86000061035156,-0.68396115,0.9999703,-0.3645072,-0.44918612,-0.45891228,-0.26588032
2017-07-26,0.00440098649845288,-0.9499969482421875,216.80999755859375,-0.39850134,0.719389,-0.3592999,0.29999492,-0.08975946,-0.2658797
2017-07-27,0.004197240313438235,-0.910003662109375,217.72000122070312,0.5099142,0.62719125,-0.36447528,-0.44758496,0.28519964,-0.26588005
2017-07-28,0.0013779305992824191,-0.3000030517578125,218.02000427246094,-0.57652825,0.9163729,-0.36436945,-0.24904014,-0.34694484,-0.26587492
2017-07-31,0.0031189462547274284,-0.67999267578125,218.6999969482422,0.060100086,0.29700452,0.46183667,-0.43153223,0.8727156,0.9920853
2017-08-01,0.0030635490548446376,-0.6699981689453125,219.3699951171875,1.5774667,0.44462606,-0.34123653,-0.44798797,-0.16487978,-0.26513818
2017-08-02,0.0023704439259487203,-0.5200042724609375,219.88999938964844,0.38413656,0.692902,-0.36392748,-0.44681162,0.014177078,-0.2658389
2017-08-03,0.0007731055046485909,-0.1699981689453125,220.05999755859375,-0.4096516,0.917982,-0.36446357,-0.44009677,-0.32810497,-0.26588097
2017-08-04,0.0023175941619703213,-0.510009765625,220.57000732421875,-0.38711312,0.46405125,0.8365022,0.51057076,-0.310151,-0.21385306
2017-08-07,0.001269432697099661,-0.279998779296875,220.85000610351562,-0.6629157,0.9566241,-0.36447167,-0.44873232,-0.18175106,-0.26588097
2017-08-08,-0.0007244901864950774,0.160003662109375,220.69000244140625,-0.14478181,0.77717763,-0.34335086,-0.41220742,0.18272573,-0.26588058
2017-08-09,-0.0008609472078677245,0.19000244140625,220.5,-0.32493773,0.891277,-0.3641141,-0.38754317,-0.3565946,-0.2658778
2017-08-10,-0.008616752365008503,1.899993896484375,218.60000610351562,-0.5544901,0.7942496,-0.36435753,-0.44530845,0.7962313,-0.25699168
2017-08-11,0.0004574146474598584,-0.0999908447265625,218.6999969482422,-0.40503478,0.12873699,1.2929779,1.6867316,-0.29519466,-0.2658646
2017-08-14,0.005807061226258263,-1.2700042724609375,219.97000122070312,2.0761354,0.33357656,-0.35361803,-0.44640172,-0.16082884,-0.26426807
2017-08-15,0.000863765242314175,-0.19000244140625,220.16000366210938,-0.67818874,1.338344e-07,0.72290736,-0.43975747,-0.459067,5.010739
2017-08-16,0.0014080557478074848,-0.30999755859375,220.47000122070312,-0.6624437,0.99160415,-0.36446476,-0.4491693,-0.43369776,-0.26586232
2017-08-17,-0.012065150121927739,2.660003662109375,217.80999755859375,-0.45626217,0.9450834,-0.3644174,-0.4417188,-0.44511768,-0.26586586
2017-08-18,-0.0058766759728397615,1.279998779296875,216.52999877929688,1.8560903,0.30721644,-0.26226652,-0.43823266,0.23341341,-0.25174057
2017-08-21,0.0009698735281536746,-0.2100067138671875,216.74000549316406,2.4568386,0.19997486,-0.2601802,-0.21801032,-0.4089036,-0.16825825
2017-08-22,0.008996940568517657,-1.9499969482421875,218.69000244140625,-0.683343,2.309709e-06,-0.36449423,4.1187954,-0.45907107,-0.26548138
2017-08-23,-0.0035209852479070013,0.7700042724609375,217.9199981689453,0.94726217,0.5590064,-0.36438078,-0.4390656,0.05290792,-0.26587552
2017-08-24,-0.0011930731875023852,0.2599945068359375,217.66000366210938,0.9034576,0.61102086,-0.36291486,-0.4445105,-0.24394463,-0.26587278
2017-08-25,0.0017457944391718612,-0.3799896240234375,218.0399932861328,0.4536047,0.68480647,-0.34233803,-0.3279346,-0.2575265,-0.26573184
2017-08-28,-0.00045858946892988117,0.0999908447265625,217.94000244140625,-0.60218185,0.06671818,-0.36450642,3.7033877,-0.41712502,-0.2648884
2017-08-29,0.002982444201170125,-0.649993896484375,218.58999633789062,-0.6788277,3.79751e-05,1.8319,-0.29948,-0.45898032,3.3802035
2017-08-30,0.0015554066681307212,-0.339996337890625,218.92999267578125,-0.087426804,0.0061261784,-0.3645072,-0.44860905,5.7274704,-0.26588106
2017-08-31,0.002694978378560721,-0.5900115966796875,219.52000427246094,-0.66264075,0.9750744,-0.36446935,-0.37954864,-0.4240515,-0.2658798
2017-09-01,0.0018221295950227655,-0.399993896484375,219.9199981689453,-0.67538756,0.0011266612,0.2599551,3.554747,-0.45377555,-0.26587605
2017-09-05,-0.010230993173579065,2.25,217.6699981689453,-0.54401046,0.93371403,-0.3636647,-0.40932548,-0.27296034,-0.26587403
2017-09-06,0.0026645924377897826,-0.5800018310546875,218.25,-0.39106962,0.7180925,-0.3633966,0.24389586,0.00088437437,-0.26523677
2017-09-07,-0.0006414634119057846,0.1399993896484375,218.11000061035156,-0.67994106,0.98605764,-0.3644964,-0.44868267,-0.45853585,-0.17987648
2017-09-08,0.0005960519116441189,-0.1300048828125,218.24000549316406,-0.6693276,0.98777294,-0.3640777,-0.41707033,-0.44706106,-0.2649315
2017-09-11,0.011546870189896547,-2.519989013671875,220.75999450683594,-0.680808,0.99697685,-0.36450258,-0.4474822,-0.44526407,-0.2657913
2017-09-12,0.0029896887050744046,-0.660003662109375,221.4199981689453,-0.67943215,0.99850273,-0.36446473,-0.44910178,-0.45588562,-0.26588106
2017-09-13,0.0015355267848534845,-0.339996337890625,221.75999450683594,0.11078882,0.06928432,-0.35439977,2.7362607,-0.08141254,-0.2658657
2017-09-14,0.002525310386249805,-0.5600128173828125,222.32000732421875,-0.64687276,0.9364496,-0.35801998,-0.20768023,-0.4522518,-0.2649854
2017-09-15,0.0005846960225845445,-0.1299896240234375,222.4499969482422,1.7362604,0.027205594,1.3820138,-0.4453401,0.19544947,-0.26354286
2017-09-18,0.003191758703563327,-0.7100067138671875,223.16000366210938,0.14394476,0.41510406,1.2944415,-0.42441267,0.064598374,-0.25437135
2017-09-19,0.0018820494804312666,-0.4199981689453125,223.5800018310547,-0.5269906,0.7294972,-0.3502647,0.43127584,-0.17343977,-0.26584476
2017-09-20,0.001431219531304438,-0.3199920654296875,223.89999389648438,1.7102364,0.25496733,-0.08382511,-0.40256536,0.55864507,-0.2658743
2017-09-21,-0.00192046756365723,0.42999267578125,223.47000122070312,-0.12525423,0.85356927,-0.35130078,-0.4044307,-0.40037975,-0.26572433
2017-09-22,-0.001208234980024349,0.2700042724609375,223.1999969482422,-0.20295714,0.52118206,-0.3627136,-0.23287268,1.864283,-0.26582867
2017-09-25,-0.0017024624965006304,0.3799896240234375,222.82000732421875,-0.43243718,0.8948849,-0.36338186,-0.4098325,-0.17415276,-0.26576632
2017-09-26,-0.0005834524662919241,0.1300048828125,222.69000244140625,-0.6719494,0.9938813,-0.36448914,-0.43459776,-0.45757684,-0.26588017
2017-09-27,0.001930902470102531,-0.42999267578125,223.1199951171875,-0.6651015,0.9591409,-0.36441296,-0.44837248,-0.19697219,-0.26588076
2017-09-28,0.0021513579994299156,-0.480010986328125,223.60000610351562,-0.66121334,0.9849276,-0.36445752,-0.40880814,-0.4512201,-0.26587653
2017-09-29,0.000983905253568175,-0.220001220703125,223.82000732421875,-0.6839701,1.5825064e-08,-0.26431552,-0.44803935,-0.45909145,6.3006506
2017-10-02,0.006344375491366806,-1.4199981689453125,225.24000549316406,0.38969734,0.4904207,0.45310798,0.038588375,-0.4315463,-0.2653374
2017-10-03,0.004439708646829835,-1.0,226.24000549316406,-0.34866872,0.5461683,-0.13924934,0.44235852,0.25659838,0.0052509787
2017-10-04,0.0007514063154955548,-0.1699981689453125,226.41000366210938,-0.50325567,0.000109641755,3.6323402,-0.44919145,-0.4390472,1.0012583
2017-10-05,0.005432603275669251,-1.2299957275390625,227.63999938964844,-0.6829909,0.99949217,-0.3644275,-0.44860473,-0.45806965,-0.26588103
2017-10-06,-0.0003953450102439134,0.089996337890625,227.5500030517578,-0.37442732,0.59482324,-0.3030921,-0.44904795,1.5668266,0.016716393
2017-10-09,-8.791154556208637e-05,0.0200042724609375,227.52999877929688,-0.14065161,0.8762874,-0.36450642,-0.44895563,-0.45037827,-0.2658811
2017-10-10,0.0032083493669208657,-0.7299957275390625,228.25999450683594,-0.4113971,0.022787511,4.3853607,-0.4414232,-0.4420668,-0.26580584
2017-10-11,0.0015333659508396378,-0.350006103515625,228.61000061035156,-0.5361556,0.93646127,-0.36410585,-0.4231896,-0.28396177,-0.2650054
2017-10-12,-0.0012247879731828169,0.279998779296875,228.3300018310547,3.575543,0.0013029969,-0.36446524,-0.4485447,-0.18517776,-0.26238477
2017-10-13,0.001751823646812465,-0.399993896484375,228.72999572753906,-0.11359328,0.8119295,-0.35108835,-0.44734028,-0.052025396,-0.2658798
2017-10-16,0.003147821598181567,-0.720001220703125,229.4499969482422,3.3163342,0.023093272,-0.24130405,-0.44831362,-0.088395596,-0.26576746
2017-10-17,0.0017433391178630912,-0.4000091552734375,229.85000610351562,-0.6714888,0.98171663,-0.36447293,-0.4442657,-0.35553178,-0.26588097
2017-10-18,0.007004570666082471,-1.6100006103515625,231.4600067138672,-0.6817944,1.5841974e-07,-0.36427492,-0.44918966,-0.4581558,6.426674
2017-10-19,0.0008208207772673716,-0.1899871826171875,231.64999389648438,-0.38106588,0.11855323,-0.35862717,3.2295938,-0.4095799,-0.26586783
2017-10-20,0.006388996439989055,-1.480010986328125,233.1300048828125,1.532291,0.28240168,-0.35208613,-0.44796124,1.09211,-0.26588002
2017-10-23,-0.0020589841559408547,0.480010986328125,232.64999389648438,-0.65047157,0.9861091,-0.36450645,-0.44909155,-0.41360644,-0.2658808
2017-10-24,0.007049213121312787,-1.6399993896484375,234.2899932861328,2.3373573,0.2457367,-0.32883132,-0.44854882,-0.025966877,-0.22443481
2017-10-25,-0.004823038355903694,1.1299896240234375,233.16000366210938,-0.49492523,0.8383858,0.24912514,-0.44394633,-0.4585398,-0.26588085
2017-10-26,0.002959351649377168,-0.69000244140625,233.85000610351562,-0.65744925,0.18833938,3.4223166,-0.091110066,-0.45595592,-0.26575375
2017-10-27,0.001368364580191802,-0.3199920654296875,234.1699981689453,-0.6828403,0.99542135,-0.3521785,-0.44835508,-0.446329,-0.26587844
2017-10-30,-0.003587121939013714,0.839996337890625,233.3300018310547,-0.21039662,0.47190416,-0.3634052,-0.43879133,2.556533,-0.26579934
2017-10-31,0.0012857457223826416,-0.3000030517578125,233.6300048828125,-0.6412196,0.92547464,-0.10218341,-0.38823992,-0.4507957,-0.26557842
2017-11-01,0.0023969419461966866,-0.55999755859375,234.19000244140625,0.0022373626,0.82064205,-0.3640567,-0.39389107,-0.36900237,-0.26587516
2017-11-02,0.003287946814269284,-0.7700042724609375,234.9600067138672,0.35360953,0.57753384,-0.3615227,-0.1453522,0.4159177,-0.2658014
2017-11-03,0.0009362698145559726,-0.2199859619140625,235.17999267578125,-0.09151395,0.85370195,-0.36189353,-0.4369134,-0.390131,-0.26584265
2017-11-06,0.0009780210625536406,-0.230010986328125,235.41000366210938,-0.36652926,0.8675409,-0.36338404,-0.3150104,-0.23367667,-0.26573464
2017-11-07,4.245574393806517e-05,-0.0099945068359375,235.4199981689453,-0.46020636,0.73457336,-0.20843579,-0.42054066,0.08861676,0.4218485
2017-11-08,0.00016994539645337828,-0.040008544921875,235.4600067138672,-0.50858897,2.2095934e-05,-0.3186604,3.854009,-0.38915363,-0.26521263
2017-11-09,-0.003142807576928862,0.7400054931640625,234.72000122070312,-0.6610877,0.8664318,-0.36448628,0.02775102,-0.28619885,-0.2658584
2017-11-10,-0.0012355510540798993,0.290008544921875,234.42999267578125,-0.48040697,0.00490207,-0.36214674,2.2823603,2.067106,-0.26567435
2017-11-13,0.0009811499957952574,-0.230010986328125,234.66000366210938,-0.41804808,0.40604705,-0.35703868,-0.41746017,3.3243847,-0.26504672
2017-11-14,-0.0016193849692411793,0.3800048828125,234.27999877929688,-0.5062979,0.032418095,4.352877,-0.44843498,-0.33635584,-0.23336504
2017-11-15,-0.005634249924481108,1.3199920654296875,232.9600067138672,-0.6222258,0.88710016,-0.36146888,-0.43812436,0.2319017,-0.26588106
2017-11-16,0.008370522373126769,-1.9499969482421875,234.91000366210938,-0.2252983,0.4010986,-0.19782133,1.0766342,0.1840874,0.0036190825
2017-11-17,-0.006470581281192632,1.5200042724609375,233.38999938964844,-0.5974779,0.042262014,-0.29506874,3.7725558,-0.45260254,-0.2658462
2017-11-20,0.003256328500893109,-0.7599945068359375,234.14999389648438,-0.6815632,0.001834743,1.7019402,-0.43731308,-0.39513063,3.6819944
2017-11-22,-0.002375588888742887,0.55999755859375,235.1699981689453,-0.66635525,0.31314102,-0.3209631,2.6062064,-0.42448714,-0.25923854
2017-11-24,0.0012756859042125405,-0.3000030517578125,235.47000122070312,-0.5461235,0.5104992,1.5940114,-0.13878223,-0.39113742,-0.23152019
2017-11-27,0.0011041512952312251,-0.2599945068359375,235.72999572753906,2.1702473,0.34378377,-0.35244238,-0.44831973,-0.38436487,-0.26543745
2017-11-28,0.011071991929988612,-2.6100006103515625,238.33999633789062,0.5396317,0.42602968,-0.25810802,0.67992353,-0.24066518,-0.26378605
2017-11-29,0.0045313495328060125,-1.0800018310546875,239.4199981689453,-0.62357455,0.9821166,-0.34477606,-0.4479394,-0.45758843,-0.2658784
2017-11-30,0.014284513386939427,-3.4199981689453125,242.83999633789062,-0.52214056,0.774988,-0.27003276,-0.44912013,0.76763153,-0.26588088
2017-12-01,-0.001605993228173943,0.3899993896484375,242.4499969482422,-0.5215503,0.96146363,-0.36450717,-0.44812545,-0.4468768,-0.26588106
2017-12-04,0.0027222259039676186,-0.660003662109375,243.11000061035156,-0.6838925,0.9999424,-0.36450666,-0.4491441,-0.45889068,-0.26587933
2017-12-06,-0.0016115011714419975,0.3899993896484375,241.6199951171875,-0.1280678,0.17965208,2.562518,0.11899572,-0.39522,-0.2658213
2017-12-07,0.003062683172413584,-0.7400054931640625,242.36000061035156,-0.47757837,0.043829713,-0.3403523,3.6200824,-0.3563345,-0.2651609
2017-12-08,0.005198855024190495,-1.2599945068359375,243.6199951171875,-0.68238395,0.99692905,-0.36449245,-0.44633532,-0.44408795,-0.26588038
2017-12-11,0.002257626889341521,-0.5500030517578125,244.1699981689453,-0.67522293,0.9894133,-0.3645015,-0.4491912,-0.39708424,-0.2658811
2017-12-12,0.005201311717184027,-1.2700042724609375,245.44000244140625,-0.3422934,0.6786118,0.7854198,-0.38017684,-0.40043187,-0.26314405
2017-12-13,0.003503913794805596,-0.8600006103515625,246.3000030517578,-0.6469452,0.9379439,-0.36443388,-0.31603625,-0.28232864,-0.2658767
2017-12-14,-0.002963847821738192,0.7299957275390625,245.57000732421875,-0.67482555,0.1931974,-0.36427495,3.2244277,-0.45437735,-0.26587987
2017-12-15,0.0027690379749163584,-0.67999267578125,246.25,1.4920971,0.20141892,0.93817717,-0.34681392,-0.30731148,-0.16795006
2017-12-18,0.006253779842163705,-1.5399932861328125,247.7899932861328,-0.5528055,0.57674617,-0.36353794,1.0703102,-0.06399087,-0.2253288
2017-12-19,-0.0015739109738708856,0.3899993896484375,247.39999389648438,-0.66995806,0.9876409,-0.36450717,-0.44634026,-0.3973508,-0.2658811
2017-12-20,-0.0013338180291293622,0.329986572265625,247.07000732421875,-0.68195254,0.99454194,-0.36448014,-0.42769548,-0.45699865,-0.26587313
2017-12-21,0.0023879723171594826,-0.589996337890625,247.66000366210938,-0.68373394,2.8627844e-07,4.58442,-0.4478783,-0.4590487,0.06722313
2017-12-22,-0.0010498657909241568,0.260009765625,247.39999389648438,-0.6797365,0.00054456014,-0.3524251,4.101783,-0.45876783,-0.2654157
2017-12-26,-0.0006062809223315283,0.149993896484375,247.25,0.052235037,0.8230536,-0.36450386,-0.43780828,-0.3976624,-0.2658811
2017-12-27,0.000930215278216633,-0.2299957275390625,247.47999572753906,1.2952149,0.4202651,0.015108357,-0.44761857,-0.10960956,-0.18599866
2017-12-28,0.0026265119059928357,-0.6500091552734375,248.1300048828125,-0.682799,0.99963903,-0.3645067,-0.44919193,-0.45840383,-0.2658809
2017-12-29,-0.003022609056708849,0.75,247.3800048828125,-0.67885894,0.42516863,-0.3101441,2.1223776,-0.4561985,-0.2658458
2018-01-02,0.00258711042532162,-0.6399993896484375,248.02000427246094,-0.68393874,1.0350003e-08,4.8453054,-0.44917187,-0.45909557,-0.26588032
2018-01-10,-0.000788008042154703,0.20001220703125,253.6199951171875,0.41373858,0.13665423,-0.36159748,-0.35152334,3.817519,-0.26585728
2018-01-11,0.007846406164642349,-1.9900054931640625,255.61000061035156,-0.66904604,0.9956599,-0.3645044,-0.44851074,-0.4531472,-0.26588106
2018-01-12,0.00899809493472795,-2.3000030517578125,257.9100036621094,-0.2007054,0.6902218,-0.36421868,-0.44550753,0.9808165,-0.26587942
2018-01-16,-0.0003877558144144112,0.100006103515625,257.80999755859375,-0.22756085,0.8891333,-0.36406004,-0.4425598,-0.4125484,-0.2658741
2018-01-17,0.012683716863729027,-3.269989013671875,261.0799865722656,-0.67154413,0.99697334,-0.36430198,-0.44912034,-0.45788127,-0.26587012
2018-01-18,-0.0035237588381812,0.91998291015625,260.1600036621094,1.5825838,0.44174102,-0.36008888,-0.4424207,-0.13441385,-0.26580605
2018-01-19,0.001460658354333523,-0.3800048828125,260.5400085449219,0.18349746,0.6260659,-0.3631784,-0.43575627,0.79626554,-0.26007426
2018-01-22,0.005526991610418894,-1.44000244140625,261.9800109863281,3.2570233,0.07665391,-0.30932137,-0.3745406,-0.39994153,-0.26584613
2018-01-23,-0.0004199399363578405,0.110015869140625,261.8699951171875,-0.6834894,0.9123876,-0.36395955,-0.050102167,-0.45873693,-0.26588103
2018-01-24,0.002673128728314188,-0.70001220703125,262.57000732421875,-0.6324016,0.35332704,2.6499114,-0.44012767,-0.36108744,0.0077338135
2018-01-25,0.004494011664950777,-1.17999267578125,263.75,-0.67762136,0.01533094,-0.35139453,-0.43380216,-0.40534556,6.2294693
2018-01-26,0.008189587344490521,-2.160003662109375,265.9100036621094,-0.68335974,0.0018530709,-0.33537576,4.0819044,-0.4576093,-0.2625667
2018-01-29,-0.006581173990820282,1.75,264.1600036621094,-0.43934572,0.79541385,-0.08561703,-0.20313734,-0.15743086,-0.2647534
2018-01-30,-0.013401001271373192,3.540008544921875,260.6199951171875,-0.19019946,0.3946396,-0.22726555,-0.2548073,0.52449125,1.6666899
2018-01-31,0.003146371497129507,-0.82000732421875,261.44000244140625,-0.47474748,0.44229132,-0.103237376,-0.28540033,0.10193928,2.0555105
2018-02-01,0.0006884664707023549,-0.17999267578125,261.6199951171875,-0.67162997,0.8187832,-0.36386976,0.34718072,-0.43024576,-0.2658533
2018-02-02,-0.025571449301532153,6.69000244140625,254.92999267578125,-0.046539575,0.01063948,-0.36443388,-0.39406076,2.9775002,2.1201596
2018-02-05,-0.045738001562450246,11.659988403320312,243.27000427246094,-0.64869505,0.98051804,-0.36365163,-0.44047415,-0.39108405,-0.2657993
2018-02-06,0.02338965898579704,-5.69000244140625,248.9600067138672,-0.55540603,0.7915637,-0.08326955,-0.26901615,0.15072379,-0.2568966
2018-02-07,-0.0008033909127465863,0.20001220703125,248.75999450683594,1.3450453,0.37696773,-0.15849386,-0.4446436,-0.13099098,0.26743942
2018-02-08,-0.04056116964423454,10.089996337890625,238.6699981689453,-0.6743526,0.05992487,-0.25527337,-0.09584521,-0.44023404,5.339417
2018-02-09,0.014078018335480722,-3.3600006103515625,242.02999877929688,-0.66126865,0.69416386,-0.36417574,0.92312306,-0.45695677,-0.2658718
2018-02-12,0.017105315087092298,-4.1399993896484375,246.1699981689453,-0.3834528,0.7981953,-0.17133734,-0.34633878,-0.11127652,-0.09058515
2018-02-13,0.001624930569317034,-0.4000091552734375,246.57000732421875,-0.65333754,0.8278071,-0.34539762,-0.0024658162,0.0005319549,-0.26584977
2018-02-15,0.012835928235339123,-3.1999969482421875,252.5,-0.24738523,0.00617071,-0.26082498,3.507862,-0.4335405,-0.22631618
2018-02-16,-0.002138587271813119,0.5399932861328125,251.9600067138672,-0.58593935,0.97136843,-0.36445308,-0.42322296,-0.4530256,-0.2658811
2018-02-20,-0.010358789255453355,2.6100006103515625,249.35000610351562,1.1237679,0.0008457074,-0.36449438,-0.44919243,3.8009076,-0.26567394
2018-02-21,-0.0065370156122467335,1.6300048828125,247.72000122070312,-0.62039953,0.98273635,-0.36437908,-0.448949,-0.43851903,-0.2658811
2018-02-22,0.007145181106647799,-1.7700042724609375,249.49000549316406,-0.16092363,0.8587352,-0.3609519,-0.35523492,-0.44377804,-0.2658186
2018-02-23,0.013707956606057389,-3.4199981689453125,252.91000366210938,-0.44931993,0.92183524,-0.3642489,-0.4468011,-0.2812171,-0.26587838
2018-02-26,0.015855481031040664,-4.010009765625,256.9200134277344,-0.60445416,0.9518648,-0.36295605,-0.36435372,-0.37749842,-0.26578853
2018-02-27,-0.0115211215910191,2.9600067138671875,253.9600067138672,1.8078386,0.20900995,-0.35001782,-0.41594973,1.1007402,-0.2478731
2018-02-28,-0.014805519240127225,3.760009765625,250.1999969482422,-0.57188725,0.90154535,-0.3643463,-0.4491301,0.0675432,-0.2658811
2018-03-01,-0.01686651187919918,4.220001220703125,245.97999572753906,-0.5677378,0.9071268,-0.36377168,-0.17129251,-0.4183442,-0.2655337
2018-03-02,-0.002561141698373101,0.6299896240234375,245.35000610351562,-0.36938316,0.91101533,-0.36272565,-0.39507934,-0.41803,-0.26457414
2018-03-05,0.014224536978012294,-3.489990234375,248.83999633789062,-0.5294153,0.96198756,-0.36444354,-0.4491143,-0.4364177,-0.26588053
2018-03-06,0.0,0.0,248.83999633789062,-0.3935375,0.91003764,-0.3607782,-0.44389987,-0.29617748,-0.26586094
2018-03-07,-0.0029335948331546684,0.7299957275390625,248.11000061035156,-0.16766818,0.8760632,-0.36450705,-0.4308072,-0.43352655,-0.2658792
2018-03-08,0.00415137953634708,-1.029998779296875,249.13999938964844,-0.4500188,0.050363764,-0.3135902,-0.38235238,5.516538,0.018769316
2018-03-09,0.01774102183420395,-4.4199981689453125,253.55999755859375,-0.568971,0.10057688,0.10839481,2.5912297,-0.4236712,0.48660013
2018-03-12,-0.006310107509591806,1.5999908447265625,251.9600067138672,-0.6787381,0.13903561,-0.35482588,3.4165273,-0.416349,-0.22634605
2018-03-13,-0.0069058796904227,1.7400054931640625,250.22000122070312,-0.58350694,0.9653854,-0.3645012,-0.44736618,-0.3772471,-0.2645225
2018-03-14,-0.0093517557608301,2.339996337890625,247.8800048828125,2.2109563,5.5766162e-05,-0.06468897,-0.4267993,1.5867943,-0.2599388
2018-03-15,0.004518295526567332,-1.1199951171875,249.0,-0.568439,0.9169421,-0.34460562,-0.4480981,-0.07794577,-0.2657523
2018-03-16,0.000401630937813755,-0.100006103515625,249.10000610351562,-0.6269614,0.986572,-0.36445022,-0.44919008,-0.4550088,-0.26588103
2018-03-19,-0.012806111454210954,3.19000244140625,245.91000366210938,-0.6727874,0.99716336,-0.36450678,-0.44916397,-0.45686826,-0.26588103
2018-03-20,0.004839178657576547,-1.19000244140625,247.10000610351562,-0.40010974,0.86453265,-0.33237267,-0.41784865,-0.38582963,0.05750223
2018-03-21,-0.001942577800370583,0.480010986328125,246.6199951171875,-0.64780086,0.9481725,-0.36450642,-0.26758423,-0.430906,-0.265806
2018-03-22,-0.029437980093163875,7.2599945068359375,239.36000061035156,0.2999506,0.7473729,-0.3533533,-0.42942005,-0.28336748,-0.2658757
2018-03-23,-0.017672107773867244,4.2299957275390625,235.1300048828125,0.5186846,0.43383646,0.4523815,-0.40427703,0.014986945,0.15363073
2018-03-26,0.028452355303358712,-6.69000244140625,241.82000732421875,-0.6086455,0.9808137,-0.36450696,-0.44913712,-0.44327578,-0.26588106
2018-03-27,-0.014597692213916328,3.5300140380859375,238.2899932861328,-0.33916894,0.8576707,-0.36143517,-0.36586913,-0.12944312,-0.26584578
2018-03-28,-4.19426208298069e-05,0.0099945068359375,238.27999877929688,-0.37971276,0.5521373,-0.3538687,0.62793905,0.39594415,-0.11362398
2018-03-29,0.013093818755964267,-3.1199951171875,241.39999389648438,-0.44358215,0.9290269,-0.3642453,-0.44221985,-0.35020953,-0.2652439
2018-04-02,-0.021748136423944037,5.25,236.14999389648438,-0.683622,0.9996446,-0.3645037,-0.44858536,-0.45808735,-0.265863
2018-04-03,0.016938387056462886,-4.0,240.14999389648438,-0.5711587,0.949013,-0.3644897,-0.44585082,-0.280353,-0.26588103
2018-04-04,0.009619041749293292,-2.3100128173828125,242.4600067138672,-0.45363015,0.09667383,2.316062,0.9838908,-0.32713848,-0.23299497
2018-04-05,0.01010474668151555,-2.4499969482421875,244.91000366210938,1.4085662,0.11663787,-0.3441039,-0.32661715,-0.11728058,1.9678392
2018-04-06,-0.02360050097125172,5.779998779296875,239.1300048828125,1.1370647,0.11198393,-0.36434564,-0.44909167,2.9790478,-0.26588106
2018-04-09,0.0025090571340915277,-0.5999908447265625,239.72999572753906,3.6789374,0.0043856124,-0.34509358,-0.4270085,-0.43236572,-0.26561844
2018-04-10,0.01785341365525753,-4.279998779296875,244.00999450683594,-0.67442626,0.9950113,-0.3645065,-0.44917852,-0.43869305,-0.26588094
2018-04-11,-0.008729108118412609,2.1299896240234375,241.8800048828125,-0.18330774,0.26690942,-0.32797828,-0.44306394,3.946277,-0.265851
2018-04-12,0.012113414158399703,-2.92999267578125,244.80999755859375,3.0936368,0.07804563,-0.36450592,-0.2787597,-0.21983096,-0.26555723
2018-04-13,-0.005024287160677213,1.2299957275390625,243.5800018310547,-0.5182365,0.93389773,-0.36248386,-0.33499712,-0.43605384,-0.26476178
2018-04-16,0.008375044218727517,-2.0399932861328125,245.6199951171875,-0.67120695,0.99582016,-0.36435637,-0.44722342,-0.4530354,-0.2658743
2018-04-17,0.008875531218581008,-2.1800079345703125,247.8000030517578,-0.5192855,0.83365345,-0.36358696,0.118864015,-0.42509168,-0.26587486
2018-04-18,-0.0016949078441197104,0.4199981689453125,247.3800048828125,3.2598152,0.074083656,-0.36352357,-0.35451865,-0.34257787,-0.26587996
2018-04-19,-0.0032743048856250837,0.80999755859375,246.57000732421875,-0.040866267,0.6363932,-0.36339214,-0.4366629,-0.21702631,0.9535718
2018-04-20,-0.008476341544377288,2.0900115966796875,244.47999572753906,-0.40034747,0.93062294,-0.3644118,-0.44193506,-0.43138567,-0.26588094
2018-04-23,-0.0005316984059845311,0.1299896240234375,244.35000610351562,-0.4475283,0.89589804,-0.36358103,-0.41192862,-0.16691679,-0.25317618
2018-04-24,-0.017434048124477245,4.260009765625,240.08999633789062,-0.5655062,0.82786304,-0.36115387,0.06564716,-0.22838864,-0.26543194
2018-04-25,0.0025407164798864766,-0.6100006103515625,240.6999969482422,3.231295,0.10780058,-0.36371794,-0.43954945,-0.40478984,-0.26588106
2018-04-26,0.010054001660272914,-2.4199981689453125,243.1199951171875,-0.6833983,0.97813255,-0.36240044,-0.35328215,-0.45667377,-0.26584503
2018-04-27,-0.0006992356546542823,0.1699981689453125,242.9499969482422,-0.6837841,0.0064599067,-0.3631547,4.088778,-0.458968,-0.2658809
2018-04-30,-0.005803678451618836,1.410003662109375,241.5399932861328,2.7115731,0.11372789,-0.35643074,-0.38063017,0.29288906,-0.26585865
2018-05-01,-0.003229273830329513,0.779998779296875,240.75999450683594,-0.6780055,0.68244535,-0.35723317,-0.4487854,-0.42499453,1.8101143
2018-05-02,-0.006853272695341943,1.649993896484375,239.11000061035156,-0.68380815,0.98942286,-0.36415416,-0.4017179,-0.45850903,-0.26588106
2018-05-03,-4.179878219407615e-05,0.0099945068359375,239.10000610351562,-0.46303642,0.1970179,-0.36260772,-0.34785047,4.801194,-0.26587662
2018-05-04,0.01430363062167662,-3.4199981689453125,242.52000427246094,-0.67775923,0.9978992,-0.3645072,-0.44919035,-0.4540724,-0.2658665
2018-05-07,0.003711008909076507,-0.899993896484375,243.4199981689453,-0.6666356,0.74028265,-0.161757,0.4831211,-0.3921471,-0.24217328
2018-05-08,0.0,0.0,243.4199981689453,1.0267402,0.10364498,-0.32820937,-0.36644012,2.6021,0.13951904
2018-05-09,0.008134071737872782,-1.9799957275390625,245.39999389648438,1.3251414,0.11459824,-0.12047712,1.3040041,-0.445008,-0.2653079
2018-05-10,0.008394510467069431,-2.0600128173828125,247.4600067138672,-0.6839706,0.99999875,-0.36450717,-0.4491921,-0.45909113,-0.2658811
2018-05-11,0.00436428733114192,-1.079986572265625,248.5399932861328,0.7906117,0.21694016,0.31839773,-0.11811752,0.4732601,0.5222621
2018-05-14,0.002937197256168332,-0.730010986328125,249.27000427246094,-0.33310694,0.86977655,-0.36425692,-0.35069036,-0.34768033,-0.17168498
2018-05-15,-0.00786298664208643,1.9600067138671875,247.30999755859375,1.5587012,0.044963125,1.7160369,-0.44458175,-0.105214775,-0.26527268
2018-05-16,0.0026687302115758747,-0.660003662109375,247.97000122070312,1.660048,0.29878303,-0.35298258,-0.448846,0.7124158,-0.21277148
2018-05-17,-0.0009275143219213731,0.2299957275390625,247.74000549316406,-0.6715711,0.99089813,-0.36381844,-0.44611683,-0.42518544,-0.26058117
2018-05-18,-0.0029870246094932038,0.7400054931640625,247.0,0.74688333,0.6748089,-0.3640086,-0.44631076,-0.44479117,-0.26586837
2018-05-21,0.011902843892332995,-2.94000244140625,249.94000244140625,-0.6774309,0.99645084,-0.36386156,-0.44885936,-0.44561246,-0.26584673
2018-05-22,-0.007041729008695202,1.760009765625,248.17999267578125,0.48900223,0.050505232,2.453098,-0.44151148,0.52894455,-0.22971392
2018-05-23,0.0018132493364166524,-0.45001220703125,248.6300048828125,-0.09752743,0.75263125,-0.3419878,0.006534808,-0.37898585,-0.2658415
2018-05-24,-0.002895874216961405,0.720001220703125,247.91000366210938,0.5495396,0.35586753,1.1036499,-0.08274717,-0.42939654,-0.26587293
2018-05-25,-0.0021782442698757864,0.540008544921875,247.3699951171875,-0.56430966,0.8408276,-0.1966047,-0.30210403,0.028896142,-0.2658694
2018-05-29,-0.015846700272150134,3.9199981689453125,243.4499969482422,-0.5496756,0.7525663,-0.3644073,-0.44911182,1.1041375,-0.26588008
2018-05-30,0.013349763979216457,-3.25,246.6999969482422,-0.6408166,0.073384054,-0.36304292,3.6700463,-0.35147676,-0.26529393
2018-05-31,-0.010214853277803793,2.5200042724609375,244.17999267578125,-0.25134805,0.84802777,-0.34488916,-0.24469058,-0.41706598,-0.2651585
2018-06-01,0.00892787288049802,-2.1800079345703125,246.36000061035156,0.094645746,0.3349108,-0.3561279,-0.27555674,2.7795236,-0.26480517
2018-06-04,0.007468730042750746,-1.839996337890625,248.1999969482422,2.478109,0.24353835,-0.363762,-0.32615992,-0.33855602,-0.26587397
2018-06-05,-0.00020146274122734888,0.0500030517578125,248.14999389648438,-0.67798626,0.9947969,-0.35086003,-0.44712946,-0.45346233,-0.26587856
2018-06-06,0.013580537815295536,-3.3700103759765625,251.52000427246094,1.9864745,0.014096294,-0.36143363,0.25643396,1.1645885,-0.24242863
2018-06-07,0.004015563333649809,-1.0099945068359375,252.52999877929688,-0.68383944,0.99982214,-0.3645072,-0.44916362,-0.45807892,-0.26587963
2018-06-08,0.0029303666762015216,-0.7400054931640625,253.27000427246094,-0.00030837374,0.81689614,-0.364052,-0.44335386,-0.25996235,-0.26588076
2018-06-11,0.0004737833741196314,-0.1199951171875,253.38999938964844,0.6621685,0.5695534,-0.36291528,0.030160975,-0.30186707,-0.26585883
2018-06-12,-0.0003551692573006161,0.089996337890625,253.3000030517578,-0.5295864,0.7959091,-0.3016194,-0.42110488,0.6240566,-0.26165906
2018-06-13,-0.004421675335502093,1.1200103759765625,252.17999267578125,3.724762,0.001091631,-0.36241856,-0.44794035,-0.42581877,-0.26586124
2018-06-14,-0.0007533792851736941,0.1899871826171875,251.99000549316406,-0.60432255,0.8790687,-0.3637503,-0.4475244,-0.31328866,0.284732
2018-06-15,-0.004960514197988339,1.25,250.74000549316406,-0.68155205,8.523033e-05,2.8101509,1.2873726,-0.4480311,-0.20963514
2018-06-18,-0.004028115751367549,1.010009765625,249.72999572753906,2.8885946,0.18206254,-0.36173558,-0.44810465,-0.3726425,-0.26588085
2018-06-19,-0.011412288845894049,2.8499908447265625,246.8800048828125,1.7313159,0.325947,-0.29571295,-0.12321456,-0.13938862,-0.26082292
2018-06-20,-0.0017012239170388654,0.4199981689453125,246.4600067138672,1.5281448,0.3647879,-0.34478638,-0.44884792,0.49566916,-0.26463765
2018-06-21,-0.007952635967192428,1.9600067138671875,244.5,-0.2879559,0.5964119,-0.36401963,0.82395804,-0.20292859,-0.26582032
2018-06-22,0.004867085649923313,-1.19000244140625,245.69000244140625,-0.41201544,0.91870743,-0.30471268,-0.44855395,-0.44686037,-0.22111535
2018-06-25,-0.013757193411313451,3.3800048828125,242.30999755859375,-0.5957643,0.9763255,-0.3644845,-0.44666764,-0.435787,-0.26588032
2018-06-26,0.00148570267004567,-0.3600006103515625,242.6699981689453,-0.68354744,0.9992333,-0.3645071,-0.44790277,-0.4562996,-0.26588044
2018-06-27,-0.006387287524017329,1.5500030517578125,241.1199951171875,2.2282934,0.3382515,-0.36347964,-0.43618828,-0.4421074,-0.26588002
2018-06-28,0.003981447964946298,-0.9600067138671875,242.0800018310547,1.2553642,0.34817472,-0.34521317,-0.026431816,0.3899512,-0.26194063
2018-06-29,0.0026850375560472754,-0.649993896484375,242.72999572753906,-0.6818374,0.9987558,-0.36450496,-0.44895667,-0.45398635,-0.26587334
2018-07-02,0.0,0.0,242.72999572753906,1.3768855,0.5145187,-0.35548246,-0.40772334,-0.38826075,-0.2633847
2018-07-03,-0.004408157558865276,1.0699920654296875,241.66000366210938,-0.5239386,0.9591321,-0.36447185,-0.42737263,-0.45896685,-0.26587996
2018-07-05,0.00782090276010691,-1.8899993896484375,243.5500030517578,-0.63298213,0.98816746,-0.36449394,-0.44892368,-0.4570856,-0.2658811
2018-07-06,0.004311242203247569,-1.0500030517578125,244.60000610351562,0.15779196,0.17351915,-0.34687087,-0.449013,-0.4241246,3.9431179
2018-07-09,0.013246075852523995,-3.239990234375,247.83999633789062,-0.68243045,0.0818249,3.122601,0.42717284,-0.45674232,0.11159741
2018-07-10,0.00560845468926409,-1.3899993896484375,249.22999572753906,1.1643407,0.018391574,1.8726978,-0.44491732,0.22231665,0.002338259
2018-07-11,-0.008626545493483745,2.149993896484375,247.0800018310547,-0.48384613,0.8645128,-0.3635353,-0.35882488,0.0478842,-0.26587823
2018-07-12,0.008984949021576785,-2.220001220703125,249.3000030517578,0.9190395,0.06849141,-0.31811744,-0.39965707,3.066906,0.14085099
2018-07-13,0.003610083776443135,-0.899993896484375,250.1999969482422,-0.050714128,0.53214747,-0.34993875,0.1932906,0.8480944,-0.26486623
2018-07-16,0.0018785021040601858,-0.470001220703125,250.6699981689453,0.33611342,0.7661848,-0.3579977,-0.4460031,-0.4449278,-0.26588014
2018-07-17,0.0024334807308708612,-0.6100006103515625,251.27999877929688,-0.68346405,0.9778896,-0.36450657,-0.44906476,-0.30094013,-0.26588023
2018-07-18,0.0029847182570974804,-0.75,252.02999877929688,-0.68396676,1.7230982e-06,4.844906,-0.44894198,-0.45906457,-0.2657013
2018-07-19,-0.0049200710199976535,1.2400054931640625,250.7899932861328,-0.63877714,0.00861,-0.09565764,-0.44717783,6.2255964,-0.26139575
2018-07-20,-0.001395553467427422,0.3499908447265625,250.44000244140625,0.003978048,0.51789814,-0.33384869,0.33367628,0.58520555,-0.23390256
2018-07-23,-0.0007187667018667584,0.1800079345703125,250.25999450683594,-0.66754234,0.12537456,0.16342185,-0.38031286,1.2132573,3.2314923
2018-07-24,0.007791945376143548,-1.95001220703125,252.2100067138672,-0.6741403,0.0020994416,4.8203964,-0.4491826,-0.45572248,-0.2658316
2018-07-25,0.007176549345431786,-1.80999755859375,254.02000427246094,-0.52816474,0.9047962,-0.36387953,-0.43933517,-0.044323236,-0.2645421
2018-07-26,0.0043303315732044325,-1.0999908447265625,255.1199951171875,-0.62277377,0.97167873,-0.36362696,-0.44093862,-0.36877617,-0.2658279
2018-07-27,-0.0033709651411545673,0.8600006103515625,254.25999450683594,-0.48732936,0.3147181,2.89638,-0.38986304,-0.44417512,-0.2658731
2018-07-30,-0.00546684267945686,1.3899993896484375,252.8699951171875,-0.11442603,0.15441115,-0.3558557,-0.42396745,4.649147,-0.26237944
2018-07-31,0.0051409936997679475,-1.3000030517578125,254.1699981689453,-0.06530746,0.7272671,-0.36441028,-0.44919157,0.49058282,-0.25666946
2018-08-01,-0.004170427533658696,1.05999755859375,253.11000061035156,-0.64614123,0.97482187,-0.36447123,-0.4246522,-0.37793013,-0.26588017
2018-08-02,-3.948681131459311e-05,0.0099945068359375,253.10000610351562,0.2914134,0.525643,-0.2622893,0.53076434,-0.31980392,-0.2586335
2018-08-03,0.0050967730344708756,-1.2899932861328125,254.38999938964844,-0.66371614,0.87395024,-0.36233044,0.070985354,-0.4071446,-0.2658811
2018-08-06,0.0018082735758908374,-0.4600067138671875,254.85000610351562,1.6952362,0.397299,-0.36366192,-0.43667427,-0.019785134,-0.2486641
2018-08-07,0.004983280295296629,-1.269989013671875,256.1199951171875,-0.31074724,7.477897e-05,-0.31887954,3.391625,0.018619172,-0.26545462
2018-08-08,-0.0019522099388266246,0.5,255.6199951171875,-0.345774,0.5978803,-0.34885612,0.7804907,-0.08348318,-0.25527522
2018-08-09,-0.0017995128075456092,0.459991455078125,255.16000366210938,-0.68367606,0.999769,-0.3645023,-0.4490375,-0.4581653,-0.26588097
2018-08-10,-0.007289546103058659,1.8600006103515625,253.3000030517578,-0.64506114,0.988337,-0.36445197,-0.4412751,-0.4510417,-0.2656723
2018-08-13,-0.0049743772224413955,1.260009765625,252.0399932861328,2.944226,0.068980776,-0.36431846,-0.009158541,-0.33691132,-0.26584664
2018-08-14,0.004642173698227713,-1.170013427734375,253.2100067138672,2.499791,0.022056624,0.9223656,-0.44433728,-0.38308066,-0.25394258
2018-08-15,-0.00572652015553949,1.45001220703125,251.75999450683594,0.33436853,0.7502905,-0.36448893,-0.4472406,-0.3167463,-0.26587865
2018-08-16,0.016603145955569262,-4.1800079345703125,255.94000244140625,-0.116108075,0.13864507,-0.10944596,-0.44870862,-0.18182285,4.0590415
2018-08-17,0.0022271130686155436,-0.57000732421875,256.510009765625,-0.68334734,0.9993393,-0.36450717,-0.44915715,-0.45541036,-0.2658806
2018-08-20,0.0035865380497113733,-0.91998291015625,257.42999267578125,-0.2533716,0.8922207,-0.36319837,-0.44874153,-0.38445744,-0.26577073
2018-08-21,0.0024861697030134433,-0.6400146484375,258.07000732421875,-0.6129372,0.9631057,-0.35448146,-0.42807987,-0.36590993,-0.2565308
2018-08-22,-0.003448733379231303,0.8900146484375,257.17999267578125,0.43557647,0.7258517,-0.36430505,-0.40446866,-0.37274885,-0.26580384
2018-08-23,-0.0026829553661124584,0.69000244140625,256.489990234375,-0.5319917,0.95989287,-0.3638696,-0.44888932,-0.41830358,-0.26588103
2018-08-24,0.005302413041140015,-1.360015869140625,257.8500061035156,0.29033223,0.74213994,-0.33671686,-0.3170932,-0.43014017,-0.265815
2018-08-27,0.010587474904514955,-2.72998046875,260.5799865722656,0.7616491,0.013273903,-0.32263094,-0.44508138,-0.20739475,3.8663418
2018-08-28,0.00023036334049095382,-0.060028076171875,260.6400146484375,-0.3023167,0.8465725,-0.18454306,-0.37496883,-0.341635,-0.26380917
2018-08-29,0.0026472217811942225,-0.689971923828125,261.3299865722656,0.7792689,0.48267302,-0.3543534,-0.30785877,0.65134746,-0.26299104
2018-08-30,-0.0050509963435658445,1.319976806640625,260.010009765625,-0.6351504,0.95167106,-0.36430043,-0.29855484,-0.4280219,-0.26588103
2018-08-31,-0.0006153750090375502,0.160003662109375,259.8500061035156,-0.68356794,0.99876374,-0.3642106,-0.44874254,-0.4519714,-0.26588103
2018-09-04,-0.00046178608569937045,0.1199951171875,259.7300109863281,-0.669236,0.9897347,-0.3644897,-0.4487012,-0.40990087,-0.26588085
2018-09-05,0.00073153826423336,-0.19000244140625,259.9200134277344,-0.6828769,1.2386892e-06,0.23987536,-0.4480788,-0.45565388,5.647742
2018-09-06,0.0014234960683024505,-0.3699951171875,260.2900085449219,3.2698545,0.00010803955,0.07233433,-0.4490176,-0.41079447,-0.14391957
2018-09-07,-0.0028814014191042682,0.75,259.5400085449219,2.8059664,0.20254953,-0.36379877,-0.42975798,-0.41212717,-0.26588082
2018-09-10,-0.002311805824772385,0.600006103515625,258.94000244140625,-0.680372,0.99083716,-0.36450619,-0.44885835,-0.39956608,-0.26581803
2018-09-11,0.004209455192761392,-1.089996337890625,260.0299987792969,-0.68113154,0.93401736,-0.3641393,-0.15266088,-0.45643178,-0.26588044
2018-09-12,0.0008460609227239712,-0.220001220703125,260.25,-0.45841086,0.8721572,-0.36093277,-0.44895786,-0.33184066,0.12652643
2018-09-13,0.005878957845521134,-1.529998779296875,261.7799987792969,-0.6838919,0.00048713767,-0.36450607,4.117397,-0.459025,-0.2658775
2018-09-14,0.00042026079018121575,-0.110015869140625,261.8900146484375,-0.64653563,0.570489,-0.3623612,1.4372745,-0.4035287,-0.2655138
2018-09-17,-0.003474755092632946,0.910003662109375,260.9800109863281,0.6874636,0.51287156,-0.35777876,-0.4356929,0.7919885,-0.26571336
2018-09-18,0.0073951743219229,-1.92999267578125,262.9100036621094,-0.49370193,0.95586395,-0.3644806,-0.44861042,-0.45102468,-0.2658771
2018-09-19,0.005743447356859258,-1.510009765625,264.4200134277344,-0.6586778,0.30481148,-0.35473803,2.5100508,-0.34907946,-0.100830026
2018-09-20,0.0099084599657338,-2.6199951171875,267.0400085449219,0.5234031,0.41148043,-0.36086375,0.6846809,0.02358319,-0.26254547
2018-09-21,0.00029953029398652653,-0.079986572265625,267.1199951171875,-0.6520328,0.99120045,-0.36449462,-0.44527003,-0.4537668,-0.26588088
2018-09-24,-0.006364112460796245,1.699981689453125,265.4200134277344,2.185321,0.028737515,-0.33034688,0.61234134,0.15795064,-0.26586726
2018-09-25,-0.0025996624463065074,0.69000244140625,264.7300109863281,-0.6801214,0.9972332,-0.36448526,-0.4488387,-0.4462847,-0.26562876
2018-09-26,-0.003588607893346527,0.95001220703125,263.7799987792969,1.1168765,0.4270319,-0.30845568,-0.4391378,0.22730942,0.12794556
2018-09-27,0.0017817924894918669,-0.470001220703125,264.25,-0.6052851,0.9731227,-0.3644211,-0.4488596,-0.3943582,-0.26546684
2018-09-28,0.0005676211787488174,-0.149993896484375,264.3999938964844,-0.58131427,0.9690759,-0.36363366,-0.4473826,-0.42359695,-0.25052437
2018-10-01,0.008812470286046899,-2.33001708984375,266.7300109863281,-0.22517274,0.6118068,0.89682674,-0.41483912,-0.21042687,-0.26166633
2018-10-02,0.0031492381932743257,-0.839996337890625,267.57000732421875,-0.6440652,0.008707086,0.75095177,3.046285,-0.4436706,-0.2591795
2018-10-03,0.0014202073192457708,-0.3800048828125,267.95001220703125,-0.5941187,0.011675668,2.5849817,1.3611004,-0.42030436,-0.26363823
2018-10-04,-0.0063445125194386545,1.70001220703125,266.25,1.7046674,0.0763213,-0.3452446,1.1742553,-0.26984188,-0.26562613
2018-10-05,-0.007248798782276996,1.92999267578125,264.32000732421875,0.15215713,0.736317,-0.20972136,-0.4488843,-0.14282005,-0.2556038
2018-10-08,0.0019294008547046046,-0.509979248046875,264.8299865722656,-0.5931402,0.9527285,-0.36209586,-0.36730695,-0.3985123,-0.26587898
2018-10-09,-0.0022655122771521245,0.5999755859375,264.2300109863281,-0.6837841,0.9991416,-0.36449745,-0.4460645,-0.4581671,-0.26587862
2018-10-10,-0.030920081323226795,8.170013427734375,256.05999755859375,-0.49895078,0.9550231,-0.3642752,-0.44316396,-0.44620663,-0.26505297
2018-10-11,-0.022611861834482362,5.7899932861328125,250.27000427246094,-0.6799432,0.99592507,-0.36282638,-0.4363371,-0.45887786,-0.26587975
2018-10-12,0.012106919437289865,-3.029998779296875,253.3000030517578,-0.6830868,0.99888813,-0.36450657,-0.4464447,-0.45685953,-0.2658811
2018-10-15,-0.0037899988247178406,0.9600067138671875,252.33999633789062,-0.6662013,0.99302083,-0.36446202,-0.4487182,-0.43859324,-0.26578936
2018-10-16,0.022113090159405185,-5.58001708984375,257.9200134277344,-0.5248302,0.6263197,-0.3596878,-0.35169166,1.8126856,-0.2658587
2018-10-17,-0.0036833597920753456,0.95001220703125,256.9700012207031,-0.68323535,0.99885035,-0.36450717,-0.44493175,-0.45872954,-0.2658811
2018-10-18,-0.012803084131583882,3.290008544921875,253.67999267578125,-0.68268263,0.42169693,-0.34192455,2.1431096,-0.45105946,-0.23114109
2018-10-19,0.0025229212666190762,-0.6400146484375,254.32000732421875,-0.66009146,0.09598852,-0.36444458,3.6493514,-0.4477657,-0.26588064
2018-10-22,-0.005033084308047055,1.2800140380859375,253.0399932861328,-0.6475927,0.9327022,-0.3644795,-0.18326879,-0.4526895,-0.2658733
2018-10-23,-0.005414144615623411,1.3699951171875,251.6699981689453,-0.6824361,0.99082345,-0.34180376,-0.44917932,-0.4566931,-0.23818354
2018-10-24,-0.023959942874275206,6.029998779296875,245.63999938964844,-0.6161826,0.00027599902,0.008028168,3.719467,-0.45655635,-0.26455465
2018-10-25,0.016813242521879535,-4.1300048828125,249.77000427246094,-0.6480042,0.98878676,-0.3644841,-0.44893757,-0.43716875,-0.26587442
2018-10-26,-0.012971955950441956,3.2400054931640625,246.52999877929688,-0.62779164,0.915326,-0.36352906,-0.13366163,-0.44337854,-0.2619863
2018-10-29,-0.008355971154804324,2.05999755859375,244.47000122070312,-0.6322781,0.9187388,-0.3641719,-0.43258932,-0.37809762,0.10019057
2018-10-30,0.017302718969270582,-4.2299957275390625,248.6999969482422,-0.6789309,0.996545,-0.36450407,-0.43960598,-0.45751354,-0.26588058
2018-10-31,0.010012084936544112,-2.4900054931640625,251.19000244140625,-0.6833845,0.9995298,-0.36433956,-0.44914582,-0.45697716,-0.265875
2018-11-01,0.010111840684126364,-2.5399932861328125,253.72999572753906,0.57015556,0.13591993,-0.23534574,1.2818911,0.6152491,-0.07476364
2018-11-02,-0.00500527740139805,1.269989013671875,252.4600067138672,-0.68269205,0.107053995,-0.36442697,3.6216729,-0.4505891,-0.2627004
2018-11-05,0.008001223797642086,-2.019989013671875,254.47999572753906,-0.6186914,0.008647896,-0.3623295,1.366874,-0.31946394,3.4800744
2018-11-06,0.00687682838796779,-1.7500152587890625,256.2300109863281,0.13811977,0.20412368,-0.3634336,-0.16161413,3.4822304,-0.2658192
2018-11-07,0.021660178570046134,-5.54998779296875,261.7799987792969,-0.22687627,0.88575524,-0.36207128,-0.44235727,-0.3924009,-0.26587906
2018-11-08,0.0012224284731873034,-0.32000732421875,262.1000061035156,-0.6835337,0.9962683,-0.35317686,-0.4452466,-0.4556801,-0.26507813
2018-11-09,-0.0076688657719113235,2.010009765625,260.0899963378906,0.20128985,3.5270767e-07,2.3909245,0.5928501,-0.14741258,-0.26429534
2018-11-12,-0.02256909223667955,5.8699951171875,254.22000122070312,-0.59063935,0.9695539,-0.3638114,-0.43911356,-0.45264444,-0.22452244
2018-11-13,-0.004562991332465256,1.160003662109375,253.05999755859375,2.8859968,0.15189862,-0.30491167,-0.38172045,-0.34409747,-0.25685164
2018-11-14,-0.008495984814773276,2.149993896484375,250.91000366210938,1.2397217,0.25180367,-0.25726232,0.643384,-0.06928344,-0.26060256
2018-11-15,0.00920647851771001,-2.30999755859375,253.22000122070312,1.3642547,0.29026055,-0.3627608,0.23493484,0.24230962,-0.26164973
2018-11-16,0.003277789380986809,-0.8300018310546875,254.0500030517578,0.104464844,0.20531382,-0.2951008,-0.3655289,3.6568801,-0.17439926
2018-11-19,-0.01649282578655438,4.19000244140625,249.86000061035156,-0.5164256,0.94669235,-0.36236355,-0.42524713,-0.40133324,-0.25334695
2018-11-20,-0.02145201551772309,5.3600006103515625,244.5,-0.6643643,0.92938864,-0.36450583,-0.44915578,0.017396271,-0.2658808
2018-11-21,0.0006134719692612474,-0.149993896484375,244.64999389648438,0.16727702,0.76524496,-0.3618962,-0.4491684,-0.24700785,-0.17921126
2018-11-23,-0.007520933512343185,1.839996337890625,242.80999755859375,0.25032425,0.6864027,-0.35329798,-0.046122704,-0.3679564,-0.26586604
2018-11-26,0.014744046238008707,-3.5800018310546875,246.38999938964844,-0.022682067,0.72908074,-0.36448643,-0.4290106,0.38656974,-0.26588073
2018-11-27,0.004505055453148383,-1.1100006103515625,247.5,-0.58121365,0.8365286,-0.31331927,0.04445046,-0.29752573,-0.2658655
2018-11-28,0.0256161468197601,-6.339996337890625,253.83999633789062,0.31052172,0.7623342,-0.3579703,-0.43300423,-0.39669967,-0.26541692
2018-11-29,-0.0009848723747506712,0.25,253.58999633789062,-0.6625153,0.9933379,-0.36450478,-0.4491132,-0.44628718,-0.26568565
2018-11-30,0.007571269358697618,-1.9199981689453125,255.50999450683594,-0.6838959,0.9999692,-0.36450642,-0.44914082,-0.45908234,-0.26588044
2018-12-03,0.012602311254818798,-3.2200164794921875,258.7300109863281,-0.4950899,0.6429263,-0.3644434,-0.44915655,1.8044814,-0.2653557
2018-12-04,-0.030920322031029485,8.000015258789062,250.72999572753906,1.3542956,0.008445981,-0.3632923,1.055356,0.9982759,-0.26436612
2018-12-06,-0.004028215706322864,1.0099945068359375,249.72000122070312,-0.5707364,0.11890916,-0.060500465,-0.3621952,-0.34045058,4.835226
2018-12-07,-0.021664278534613658,5.410003662109375,244.30999755859375,-0.5899133,0.762624,-0.36132365,0.47404432,-0.36301464,-0.26485476
2018-12-10,0.0016373016219997376,-0.4000091552734375,244.7100067138672,1.6800206,0.46518713,-0.36403194,-0.44856644,-0.4461001,-0.26588103
2018-12-11,-0.0019615502969169093,0.480010986328125,244.22999572753906,0.19932164,0.38293663,0.2993765,0.659078,-0.11352718,-0.2658782
2018-12-12,0.006755964394783734,-1.6500091552734375,245.8800048828125,-0.6802367,0.96813756,-0.3645063,-0.44896805,-0.23625106,-0.26575756
2018-12-13,0.0015861370664699349,-0.3899993896484375,246.27000427246094,-0.52595115,0.896063,-0.36268988,-0.44855112,-0.24708715,-0.008806568
2018-12-14,-0.01969385641521254,4.850006103515625,241.4199981689453,-0.14835088,0.8382899,-0.36446956,-0.44918522,-0.1640287,-0.26586443
2018-12-17,-0.020669395787469375,4.9900054931640625,236.42999267578125,-0.46021846,0.10235399,3.8465765,-0.39640623,-0.28777617,-0.24190426
2018-12-18,0.00393354465753269,-0.9300079345703125,237.36000061035156,0.23565157,0.07626238,-0.36446998,-0.39807278,4.618618,-0.26588103
2018-12-19,-0.016599268753264493,3.94000244140625,233.4199981689453,-0.64140636,0.9873335,-0.364432,-0.44877338,-0.4377773,-0.26584154
2018-12-20,-0.019407072293857793,4.529998779296875,228.88999938964844,-0.45962268,0.7996263,0.29056862,-0.43032432,-0.35869306,-0.22570829
2018-12-21,-0.020970785375321613,4.8000030517578125,224.08999633789062,1.3246329,0.010573588,-0.36450526,1.7156289,-0.37754968,0.07970324
2018-12-24,-0.026730288421010485,5.989990234375,218.10000610351562,-0.27324146,0.90220094,-0.36441854,-0.4485716,-0.42253458,-0.26587966
2018-12-26,0.0486474108823078,-10.610000610351562,228.7100067138672,-0.66451734,0.9732013,-0.35091418,-0.36314213,-0.45210811,-0.2658774
2018-12-27,0.011149436920610866,-2.54998779296875,231.25999450683594,0.32398477,0.53977895,-0.3619109,0.42543706,-0.16299745,-0.265881
2018-12-28,-0.003372821922616705,0.779998779296875,230.47999572753906,-0.3783408,0.896559,-0.36370593,-0.44181126,-0.22302009,-0.2658804
2018-12-31,0.011801463342261438,-2.720001220703125,233.1999969482422,2.1268764,0.112679,-0.23428206,-0.44605073,1.1786771,-0.2614226
2019-01-02,0.0006861220591906233,-0.160003662109375,233.36000061035156,3.3080273,0.08540762,-0.30734062,-0.44818708,-0.43403274,-0.2643368
