dates,rate,fluctuation,prices,positives,negatives,compounds
2017-01-20,0.0034469177756385637,-0.6800079345703125,197.9600067138672,0.5040713091838699,-1.7803080459480178,0.41037391704419013
2017-01-23,-0.0009093146517745741,0.1800079345703125,197.77999877929688,0.8981522514308283,-0.39677270661327724,0.5415514801090093
2017-01-24,0.005359478031833763,-1.05999755859375,198.83999633789062,-0.635948559459117,-1.7803080459480178,-0.45657814334959773
2017-01-25,0.007946096661406974,-1.5800018310546875,200.4199981689453,-0.5655769626293029,0.04435450302968335,0.2955368116621858
2017-01-26,0.001496871841625919,-0.3000030517578125,200.72000122070312,-1.5930022763445877,1.2674799479488017,-2.3600901628634277
2017-01-27,-0.00044836756348794996,0.089996337890625,200.6300048828125,-0.2981648946760098,-0.6173363114347576,0.3456172884493312
2017-01-30,-0.006230374169258092,1.25,199.3800048828125,-1.0581781404380013,1.6284022103839517,-2.462823225517421
2017-01-31,-0.005115880466852505,1.0200042724609375,198.36000061035156,-0.3826108108717867,0.5456354230785025,-0.21631289519857938
2017-02-01,0.0013611830592364252,-0.2700042724609375,198.6300048828125,2.629293533444253,0.3050205814550692,0.5032724449816746
2017-02-02,-0.0001007112317836351,0.0200042724609375,198.61000061035156,0.039618770107097356,0.9466601591175579,0.3654376584164492
2017-02-03,0.008911959453308036,-1.7700042724609375,200.3800048828125,0.13813900566883708,1.3877873687605184,0.19356025167869315
2017-02-06,-0.0004990822491201714,0.100006103515625,200.27999877929688,-0.3685364915058239,2.3502467352542507,-2.4511730843917103
2017-02-07,0.0014979181824761629,-0.3000030517578125,200.5800018310547,-1.6352252344424762,4.37542165225148,-2.470236951688328
2017-02-08,-0.00034902444700202987,0.07000732421875,200.50999450683594,0.011470131375171725,0.9867626327214634,0.3003784287533902
2017-02-09,0.006034645389339607,-1.2100067138671875,201.72000122070312,0.23665924123057677,0.505532949474597,0.5053906524590764
2017-02-10,0.00505653512932981,-1.0200042724609375,202.74000549316406,-1.3818874858551458,0.7260965542960773,-1.8629166078103756
2017-02-13,0.007201299277499293,-1.459991455078125,204.1999969482422,0.011470131375171725,0.48548171267264423,0.5267240277671958
2017-02-14,0.004750250906952695,-0.970001220703125,205.1699981689453,0.33517947679231647,-0.5571826010288995,0.44729124736462367
2017-02-15,0.005897581150587226,-1.2100067138671875,206.3800048828125,-1.00188086297415,1.7086071575917623,-2.3404210934304097
2017-02-16,0.0004844987031730118,-0.0999908447265625,206.47999572753906,-1.00188086297415,0.9466601591175579,-2.281867786733656
2017-02-17,-0.0029058061659313532,0.5999908447265625,205.8800048828125,-0.6781715175570054,-0.7376437322464744,0.3115746682768003
2017-02-21,0.005780077779207373,-1.19000244140625,207.07000732421875,-0.31223921404197263,0.5857378966824078,0.33578275373282235
2017-02-22,0.0018350780440572003,-0.3799896240234375,207.4499969482422,-0.11519874291849322,0.44537923906873866,0.2799528566498715
2017-02-24,0.0005292337007327332,-0.1099853515625,207.92999267578125,-1.8463400249319184,0.505532949474597,-2.2419244457312204
2017-02-27,0.0017313548936295122,-0.3600006103515625,208.2899932861328,-0.14334738165041885,1.427889842364424,-0.07015657925784653
2017-02-28,-0.0014882978951749216,0.30999755859375,207.97999572753906,1.2359359162139358,-1.7803080459480178,0.45258676605812853
2017-03-01,0.014616831461543016,-3.040008544921875,211.02000427246094,2.0240978007078527,-1.7803080459480178,0.08053875270589045
2017-03-02,-0.005354965690141306,1.1300048828125,209.88999938964844,0.8981522514308283,-1.7803080459480178,0.20188178105420063
2017-03-03,9.530836399594602e-05,-0.0200042724609375,209.91000366210938,-0.9596579048762616,1.8489658152054318,-2.349650426010518
2017-03-06,-0.002048534739023173,0.4300079345703125,209.47999572753906,-0.7766917531187452,0.24486687104921115,0.44033142279601745
2017-03-07,-0.0014798432543265347,0.30999755859375,209.1699981689453,-0.48113104643352644,-0.45692641701913556,0.4904118995831628
2017-03-08,-0.002677236522904415,0.55999755859375,208.61000061035156,1.0248211257244937,-0.5772338378308522,0.4851163808896581
2017-03-09,0.0002876063391889604,-0.05999755859375,208.6699981689453,0.9685238482606424,-1.7803080459480178,0.42580657152240414
2017-03-10,0.002300262288546358,-0.4799957275390625,209.14999389648438,0.1803619637667255,-1.0384122842757657,0.4718019338888459
2017-03-13,-0.001004023242678444,0.209991455078125,208.94000244140625,-0.030752826722716724,1.0068138695234161,0.043470121851356645
2017-03-14,-0.001914468989180822,0.4000091552734375,208.5399932861328,-0.08705010418656799,-0.39677270661327724,0.25271876051184694
2017-03-15,0.004987093979114614,-1.040008544921875,209.5800018310547,-0.284090575310047,0.8664552119097467,0.1545247138808576
2017-03-16,-0.0006679997539139871,0.1399993896484375,209.44000244140625,1.6863141359247453,-0.45692641701913556,0.46438820771793915
2017-03-17,-0.002769298244335874,0.5800018310546875,208.86000061035156,0.9825981676266052,-1.1186172314835767,0.536861163551905
2017-03-20,-0.00023940942072052374,0.0500030517578125,208.80999755859375,-1.2270699728295549,0.6057891334843606,-2.1992576951149814
2017-03-21,-0.011781004184858687,2.459991455078125,206.35000610351562,3.952279553844757,-1.7803080459480178,0.5129556791640834
2017-03-22,0.00029075627244543034,-0.05999755859375,206.41000366210938,0.40555107362213016,-0.9582073370679546,0.4282273800680064
2017-03-23,-0.00048450221278680737,0.100006103515625,206.30999755859375,-1.072252459803964,2.4906053928679204,-2.377035822682643
2017-03-24,-0.0027143500810459078,0.55999755859375,205.75,0.32110515742635365,0.2849693446531164,0.3925204540203739
2017-03-27,-0.0025273597689474485,0.5200042724609375,205.22999572753906,2.3759557848569224,-1.7803080459480178,0.5389793710293069
2017-03-28,0.007406345583512448,-1.5200042724609375,206.75,-0.22779329784619576,0.004252029425777791,0.42928648380670725
2017-03-29,-0.0021281859318319227,0.44000244140625,206.30999755859375,0.2648078799625024,0.3451230550589748,0.36589156001874973
2017-03-30,0.003150643027315385,-0.6500091552734375,206.9600067138672,-0.3685364915058239,2.290093024848393,-2.103030555427294
2017-03-31,-0.002995798008616025,0.6200103759765625,206.33999633789062,-0.1714960203823445,-0.2764652858015608,0.48920149531036183
2017-04-03,-0.00043615556599725885,0.089996337890625,206.25,-0.6640971981910426,0.20476439744530558,0.4500146569784262
2017-04-04,0.001939364346590909,-0.399993896484375,206.64999389648438,0.5603685866477212,-1.7803080459480178,0.4769461520482507
2017-04-05,-0.0018872460738798616,0.3899993896484375,206.25999450683594,2.3618814654909595,-1.7803080459480178,0.45879008795623416
2017-04-06,0.0009211793196278441,-0.19000244140625,206.4499969482422,3.262637904912579,-1.7803080459480178,0.38979704440657137
2017-04-07,-0.00033902672058278005,0.0699920654296875,206.3800048828125,1.067044083822382,-1.7803080459480178,0.17843019826867937
2017-04-10,4.842768969606634e-05,-0.0099945068359375,206.38999938964844,1.1092670419202706,0.44537923906873866,0.5187050994598886
2017-04-11,-0.0002906999310585743,0.05999755859375,206.3300018310547,2.0522464394397786,-0.39677270661327724,0.5335325518017021
2017-04-12,-0.003198776989542187,0.660003662109375,205.6699981689453,1.9396518845120758,-1.0785147578796712,0.511442673823082
2017-04-13,-0.006320820067737539,1.3000030517578125,204.3699951171875,1.5174223035331915,-1.1988221786913877,0.532322147528901
2017-04-17,0.008807570067835424,-1.8000030517578125,206.1699981689453,0.19443628313268832,0.846403975107794,0.4944970140038666
2017-04-18,-0.005286881445269409,1.089996337890625,205.0800018310547,-0.5937256013612285,3.132244970530408,-2.4259058951969874
2017-04-19,-0.00599763856327803,1.2299957275390625,203.85000610351562,0.10999036693691143,0.505532949474597,0.20369738746340224
2017-04-20,0.009075255282490067,-1.8499908447265625,205.6999969482422,0.20851060249865114,-0.07595291778203304,0.30854865759479755
2017-04-21,-0.002187637116763861,0.4499969482421875,205.25,-1.072252459803964,1.3877873687605184,-2.332704766191303
2017-04-24,0.010377612096528623,-2.1300048828125,207.3800048828125,-0.6781715175570054,0.36517429186092754,-0.27441230029303215
2017-04-25,0.011090692153606807,-2.29998779296875,209.67999267578125,-0.8189147112166336,-0.45692641701913556,0.17071387102957236
2017-04-26,-0.0010014854178425376,0.209991455078125,209.47000122070312,-1.0581781404380013,0.7060453174941245,-1.7046562491416317
2017-04-27,0.0004296383127233693,-0.089996337890625,209.55999755859375,-0.5233540045314149,-0.05590168098008055,0.4227805608404014
2017-04-28,-0.002290493095681841,0.4799957275390625,209.0800018310547,-0.25594193657812137,-0.7376437322464744,0.3996315791230804
2017-05-01,-0.0007652748264210587,0.160003662109375,208.9199981689453,0.6870374609413865,-0.3165677594054664,0.5326247485971012
2017-05-02,0.0010052015877262425,-0.2100067138671875,209.1300048828125,-1.142624056633778,0.44537923906873866,-1.5690909705879088
2017-05-03,0.00043033680385105475,-0.089996337890625,209.22000122070312,1.6159425390949311,-0.3165677594054664,0.4858728835601587
2017-05-04,-0.00014338389791533233,0.029998779296875,209.19000244140625,-0.04482714608867954,-0.11605539138593861,0.4811825670030544
2017-05-05,0.0027726077933248505,-0.5800018310546875,209.77000427246094,0.6448145028434981,-0.8579511530581909,0.5276318309717967
2017-05-08,0.0007150397741783644,-0.149993896484375,209.9199981689453,-1.508556360148811,0.04435450302968335,-2.182312035295766
2017-05-09,-0.0014291304038425517,0.3000030517578125,209.6199951171875,-1.874488663663844,0.6258403702863133,-2.0473519588784432
2017-05-10,-0.0006678723066001944,0.1399993896484375,209.47999572753906,-0.25594193657812137,0.7060453174941245,0.3943360604295755
2017-05-11,-0.0009547305342812507,0.1999969482421875,209.27999877929688,-2.5219073544981327,4.876702572300299,-2.367503889034334
2017-05-12,-0.0012901580372507524,0.2700042724609375,209.00999450683594,-0.41075944960371236,-0.11605539138593861,0.4864780856965593
2017-05-15,0.0044016946228627495,-0.9199981689453125,209.92999267578125,1.9396518845120758,-1.439437020314821,0.5285396341763975
2017-05-16,9.52902070159759e-05,-0.0200042724609375,209.9499969482422,-0.7344687950208567,0.5456354230785025,-1.3106696583448738
2017-05-17,-0.01657535498034309,3.4799957275390625,206.47000122070312,2.0522464394397786,-1.7803080459480178,0.37950860808776216
2017-05-18,0.0023732527256600257,-0.4900054931640625,206.9600067138672,-0.030752826722716724,1.1471725271370852,0.1297114262884351
2017-05-19,0.003913787844593633,-0.80999755859375,207.77000427246094,2.01002348134189,-1.7803080459480178,0.481636468605355
2017-05-22,0.004235402637184604,-0.8799896240234375,208.64999389648438,0.7433347384052378,-1.7803080459480178,0.5003977348337719
2017-05-23,0.0022525820007275074,-0.470001220703125,209.1199951171875,1.770760052120522,-1.5396932043245848,0.5233954160169928
2017-05-24,0.0033474188187455453,-0.70001220703125,209.82000732421875,0.926300890162754,-0.7777462058503798,0.0758484361487862
2017-05-25,0.0036221260142345543,-0.7599945068359375,210.5800018310547,3.8396849989170545,-1.7803080459480178,0.47966956166205305
2017-05-26,-0.00018999213873107136,0.040008544921875,210.5399932861328,1.9115032457801502,-0.9181048634640492,0.5134095807663837
2017-05-30,-0.0015673343915099266,0.329986572265625,210.2100067138672,-0.41075944960371236,0.9667113959195106,0.28101196038857257
2017-05-31,-0.0009990329059503032,0.2100067138671875,210.0,-0.1011244235525308,0.14461068703944724,0.43775931371631505
2017-06-01,0.006666637602306548,-1.399993896484375,211.39999389648438,-0.8752119886804847,-0.677490021840616,0.2083877040205065
2017-06-02,0.002412534438741446,-0.510009765625,211.91000366210938,-0.25594193657812137,-1.1386684682855295,0.503726346583975
2017-06-05,-0.00023596362084700066,0.0500030517578125,211.86000061035156,-0.6077999207271914,1.247428711146849,-2.1643072717378495
2017-06-06,-0.0023128740288511102,0.4900054931640625,211.3699951171875,-1.2974415696593689,1.247428711146849,-2.383844346717149
2017-06-07,0.001655893038752142,-0.350006103515625,211.72000122070312,-0.12927306228445604,-1.2188734154933407,0.4908658011854633
2017-06-09,0.0038232679895223846,-0.80999755859375,212.6699981689453,1.5174223035331915,0.42532800226678585,0.4861754846283591
2017-06-12,-0.0012695926777901497,0.2700042724609375,212.39999389648438,-0.21371897848023294,-0.6173363114347576,0.5208233069372904
2017-06-13,0.0045668608690067405,-0.970001220703125,213.3699951171875,-0.5937256013612285,2.129683130432771,-2.418643469560181
2017-06-14,0.002202752174432914,-0.470001220703125,213.83999633789062,1.0951927225543077,-1.1386684682855295,0.516889493050687
2017-06-15,-0.0007014305043634971,0.149993896484375,213.69000244140625,0.996672486992568,0.505532949474597,0.4238396645791024
2017-06-16,-0.0006083807446637439,0.1300048828125,213.55999755859375,0.33517947679231647,0.42532800226678585,0.4969178225494688
2017-06-19,0.0063682366824265564,-1.3600006103515625,214.9199981689453,0.20851060249865114,-0.5571826010288995,0.5320195464607007
2017-06-20,-0.0024195248319896696,0.5200042724609375,214.39999389648438,-0.002604187990791091,0.02430326622773057,0.5190077005280889
2017-06-21,-0.0023787057898992793,0.5099945068359375,213.88999938964844,2.249286910563258,-0.5170801274249939,0.5397358736998077
2017-06-22,-0.0007480651856840327,0.160003662109375,213.72999572753906,0.6166658641115724,0.22481563424725837,0.5002464342996719
2017-06-23,4.6833695901816014e-05,-0.010009765625,213.74000549316406,0.039618770107097356,-0.677490021840616,0.523698017085193
2017-06-26,0.0006081670285518679,-0.1299896240234375,213.8699951171875,-1.5226306795147737,0.8664552119097467,-2.421820780776284
2017-06-27,-0.004395204857470478,0.94000244140625,212.92999267578125,-1.142624056633778,-0.09600415458398583,-0.24158008439330234
2017-06-28,0.006152317017065365,-1.3100128173828125,214.24000549316406,-0.9033606274124103,2.3702979720562034,-2.408052432173171
2017-06-29,-0.007608312364725504,1.6300048828125,212.61000061035156,-0.5092796851654521,0.9266089223156051,-0.08498403159966006
2017-06-30,0.0029631949626259787,-0.6300048828125,213.24000549316406,-0.6500228788250798,1.4479410791663767,-2.2848937974156596
2017-07-03,0.005861939447568022,-1.25,214.49000549316406,0.6870374609413865,0.24486687104921115,0.5418540811772096
2017-07-05,0.0004195828970384974,-0.089996337890625,214.5800018310547,-1.1707726953657036,-0.6373875482367104,0.4056836004870859
2017-07-06,-0.006710795177175958,1.44000244140625,213.13999938964844,2.5166989785165508,-1.7803080459480178,0.4613621970359364
2017-07-07,0.004269511423080032,-0.910003662109375,214.0500030517578,-0.08705010418656799,-0.3165677594054664,0.47134803228654554
2017-07-10,-0.00028029692940131586,0.05999755859375,213.99000549316406,-0.5092796851654521,0.10450821343554169,0.5182511978575882
2017-07-11,-4.6776790354911055e-05,0.010009765625,213.97999572753906,-1.3255902083912945,0.9065576855136523,-2.1048461618364955
2017-07-12,0.005841667562194114,-1.25,215.22999572753906,-0.7063201562889311,-0.47697765382108837,0.45984919169493504
2017-07-13,0.0010686753282256125,-0.230010986328125,215.4600067138672,1.630016858460894,-1.619898151532396,0.5324734480630011
2017-07-14,0.0037129293977565913,-0.79998779296875,216.25999450683594,1.292233193677787,-0.11605539138593861,0.5361046608814043
2017-07-17,-0.00018493150443295845,0.0399932861328125,216.22000122070312,0.32110515742635365,-0.9381561002660018,0.5403410758362082
2017-07-18,-0.0024049776594448884,0.5200042724609375,215.6999969482422,-0.7485431143868195,0.24486687104921115,0.006098889928622765
2017-07-19,0.0028744106849724975,-0.6200103759765625,216.32000732421875,-1.7055968312722902,2.310144261650345,-2.422879884514985
2017-07-20,-0.0006009840902864325,0.1300048828125,216.19000244140625,-1.0581781404380013,-1.7803080459480178,-0.5549234905146871
2017-07-21,-0.003052887065340846,0.660003662109375,215.52999877929688,-1.2974415696593689,-1.7803080459480178,0.25271876051184694
2017-07-24,-0.0020414904834515093,0.44000244140625,215.08999633789062,-0.5233540045314149,0.6458916070882662,0.36407595360954814
2017-07-25,0.0035799167119391143,-0.7700042724609375,215.86000061035156,-0.8048403918506708,-0.29651652260351363,0.4957074182766677
2017-07-26,0.00440098649845288,-0.9499969482421875,216.80999755859375,-0.1714960203823445,-1.2389246522952935,0.5174946951870875
2017-07-27,0.004197240313438235,-0.910003662109375,217.72000122070312,-0.030752826722716724,0.3852255286628803,0.43972622065961675
2017-07-28,0.0013779305992824191,-0.3000030517578125,218.02000427246094,1.2500102355798988,-1.419385783512868,0.5376176662224057
2017-07-31,0.0031189462547274284,-0.67999267578125,218.6999969482422,-0.12927306228445604,0.16466192384140002,0.5335325518017021
2017-08-01,0.0030635490548446376,-0.6699981689453125,219.3699951171875,-0.7203944756548939,0.14461068703944724,-0.31102702954526545
2017-08-02,0.0023704439259487203,-0.5200042724609375,219.88999938964844,1.0529697644564193,-1.339180836305057,0.468624622672743
2017-08-03,0.0007731055046485909,-0.1699981689453125,220.05999755859375,-0.04482714608867954,-0.3366189962074192,0.46529601092254
2017-08-04,0.0023175941619703213,-0.510009765625,220.57000732421875,0.5885172253796468,-1.1988221786913877,0.5412488790408091
2017-08-07,0.001269432697099661,-0.279998779296875,220.85000610351562,-0.030752826722716724,-0.7376437322464744,0.5397358736998077
2017-08-08,-0.0007244901864950774,0.160003662109375,220.69000244140625,-0.5092796851654521,1.3075824215527074,-1.5867931330776248
2017-08-09,-0.0008609472078677245,0.19000244140625,220.5,-1.4663334020509224,0.26491810785116365,-1.5004005281064463
2017-08-10,-0.008616752365008503,1.899993896484375,218.60000610351562,-0.9455835855102988,-0.3165677594054664,0.2324444889424284
2017-08-11,0.0004574146474598584,-0.0999908447265625,218.6999969482422,-0.5655769626293029,-0.7576949690484271,0.45757968368343305
2017-08-14,0.005807061226258263,-1.2700042724609375,219.97000122070312,-0.41075944960371236,0.3852255286628803,0.45243546552402825
2017-08-15,0.000863765242314175,-0.19000244140625,220.16000366210938,-0.7203944756548939,0.14461068703944724,0.4088609117031888
2017-08-16,0.0014080557478074848,-0.30999755859375,220.47000122070312,1.2781588743118244,0.7862502647019356,0.5282370331081973
2017-08-17,-0.012065150121927739,2.660003662109375,217.80999755859375,-1.1989213340976292,-0.05590168098008055,-0.20148544285676587
2017-08-18,-0.0058766759728397615,1.279998779296875,216.52999877929688,0.1803619637667255,1.3877873687605184,0.2460615370114408
2017-08-21,0.0009698735281536746,-0.2100067138671875,216.74000549316406,0.4336997123540558,0.9466601591175579,0.5118965754253824
2017-08-22,0.008996940568517657,-1.9499969482421875,218.69000244140625,0.5181456285498327,-1.7803080459480178,0.481636468605355
2017-08-23,-0.0035209852479070013,0.7700042724609375,217.9199981689453,-0.04482714608867954,0.7862502647019356,0.359536937586544
2017-08-24,-0.0011930731875023852,0.2599945068359375,217.66000366210938,0.1803619637667255,0.6258403702863133,0.5165868919824868
2017-08-25,0.0017457944391718612,-0.3799896240234375,218.0399932861328,0.9403752095287168,-1.0785147578796712,0.5400384747680079
2017-08-28,-0.00045858946892988117,0.0999908447265625,217.94000244140625,0.419625392988093,-0.3366189962074192,0.5426105838477103
2017-08-29,0.002982444201170125,-0.649993896484375,218.58999633789062,-0.9455835855102988,-1.7803080459480178,0.3362366553351227
2017-08-30,0.0015554066681307212,-0.339996337890625,218.92999267578125,-1.3678131664891828,1.7487096311956678,-2.2963926380072697
2017-08-31,0.002694978378560721,-0.5900115966796875,219.52000427246094,0.8277806546010142,-1.7803080459480178,0.5227902138805923
2017-09-01,0.0018221295950227655,-0.399993896484375,219.9199981689453,0.7151860996733121,-0.6574387850386633,0.5227902138805923
2017-09-05,-0.010230993173579065,2.25,217.6699981689453,-0.14334738165041885,-0.7576949690484271,0.5376176662224057
2017-09-06,0.0026645924377897826,-0.5800018310546875,218.25,-1.086326779169927,-0.8780023898601437,0.31929099551590734
2017-09-07,-0.0006414634119057846,0.1399993896484375,218.11000061035156,0.6166658641115724,-1.1186172314835767,0.5361046608814043
2017-09-08,0.0005960519116441189,-0.1300048828125,218.24000549316406,-0.31223921404197263,-0.45692641701913556,0.4929840086628652
2017-09-11,0.011546870189896547,-2.519989013671875,220.75999450683594,0.5462942672817583,-1.2990783627011515,0.5380715678247062
2017-09-12,0.0029896887050744046,-0.660003662109375,221.4199981689453,0.7151860996733121,-1.018361047473813,0.4518302633876278
2017-09-13,0.0015355267848534845,-0.339996337890625,221.75999450683594,0.33517947679231647,-0.677490021840616,0.4958587188107678
2017-09-14,0.002525310386249805,-0.5600128173828125,222.32000732421875,-0.4248337689696752,0.846403975107794,0.047252635203860166
2017-09-15,0.0005846960225845445,-0.1299896240234375,222.4499969482422,-0.39668513023774954,2.04947818322496,-2.4304449112199915
2017-09-18,0.003191758703563327,-0.7100067138671875,223.16000366210938,0.6025915447456096,0.0844569766335889,0.5392819720975072
2017-09-19,0.0018820494804312666,-0.4199981689453125,223.5800018310547,1.6863141359247453,-1.619898151532396,0.5377689667565059
2017-09-20,0.001431219531304438,-0.3199920654296875,223.89999389648438,1.700388455290708,-0.11605539138593861,0.543518387052311
2017-09-21,-0.00192046756365723,0.42999267578125,223.47000122070312,0.9544495288946796,-0.8780023898601437,0.5374663656883056
2017-09-22,-0.001208234980024349,0.2700042724609375,223.1999969482422,-0.5092796851654521,-0.45692641701913556,0.48012346326435357
2017-09-25,-0.0017024624965006304,0.3799896240234375,222.82000732421875,0.419625392988093,-0.2363628121976553,0.5427618843818105
2017-09-26,-0.0005834524662919241,0.1300048828125,222.69000244140625,-0.8189147112166336,0.7461477910980301,-0.26563686931522423
2017-09-27,0.001930902470102531,-0.42999267578125,223.1199951171875,0.13813900566883708,-1.018361047473813,0.5373150651542055
2017-09-28,0.0021513579994299156,-0.480010986328125,223.60000610351562,-0.002604187990791091,-0.19626033859374972,0.48072866540075404
2017-09-29,0.000983905253568175,-0.220001220703125,223.82000732421875,0.039618770107097356,0.665942843890219,0.48935279584446195
2017-10-02,0.006344375491366806,-1.4199981689453125,225.24000549316406,0.13813900566883708,-0.2764652858015608,0.5432157859841108
2017-10-03,0.004439708646829835,-1.0,226.24000549316406,7.034555494990611,-1.7803080459480178,0.413551228260293
2017-10-04,0.0007514063154955548,-0.1699981689453125,226.41000366210938,0.2788821993284652,-0.13610662818789138,0.5344403550063028
2017-10-05,0.005432603275669251,-1.2299957275390625,227.63999938964844,-0.9596579048762616,1.0870188167312267,-2.16476117334015
2017-10-06,-0.0003953450102439134,0.089996337890625,227.5500030517578,-2.5219073544981327,1.8890682888093373,-2.3298300560434004
2017-10-09,-8.791154556208637e-05,0.0200042724609375,227.52999877929688,-0.15742170101638167,-0.45692641701913556,0.5383741688929065
2017-10-10,0.0032083493669208657,-0.7299957275390625,228.25999450683594,-1.4522590826849597,0.6057891334843606,-2.1635507690673488
2017-10-11,0.0015333659508396378,-0.350006103515625,228.61000061035156,-0.6077999207271914,1.1471725271370852,-1.9042216536197134
2017-10-12,-0.0012247879731828169,0.279998779296875,228.3300018310547,0.09591604757094861,0.5656866598804553,0.5072062588682781
2017-10-13,0.001751823646812465,-0.399993896484375,228.72999572753906,-0.2700162559440842,1.608350973581999,-0.08165541984945705
2017-10-16,0.003147821598181567,-0.720001220703125,229.4499969482422,0.15221332503479987,-0.3165677594054664,0.5415514801090093
2017-10-17,0.0017433391178630912,-0.4000091552734375,229.85000610351562,2.1929896330994065,-1.7803080459480178,0.5055419529931766
2017-10-18,0.007004570666082471,-1.6100006103515625,231.4600067138672,-0.31223921404197263,-0.2764652858015608,0.5010029369701724
2017-10-19,0.0008208207772673716,-0.1899871826171875,231.64999389648438,-1.0581781404380013,0.02430326622773057,-0.3272161866939801
2017-10-20,0.006388996439989055,-1.480010986328125,233.1300048828125,-0.4529824077016008,-0.05590168098008055,0.4727097370934468
2017-10-23,-0.0020589841559408547,0.480010986328125,232.64999389648438,-0.19964465911427012,0.4654304758706914,0.5185537989257885
2017-10-24,0.007049213121312787,-1.6399993896484375,234.2899932861328,-0.9174349467783731,1.3075824215527074,-2.2709741482784467
2017-10-25,-0.004823038355903694,1.1299896240234375,233.16000366210938,0.5322199479157955,-0.29651652260351363,0.5229415144146925
2017-10-26,0.002959351649377168,-0.69000244140625,233.85000610351562,0.6307401834775352,-0.7175924954445215,0.536861163551905
2017-10-27,0.001368364580191802,-0.3199920654296875,234.1699981689453,1.475199345435303,0.4052767654648331,0.5380715678247062
2017-10-30,-0.003587121939013714,0.839996337890625,233.3300018310547,-1.2974415696593689,0.8865064487116995,-2.4505678822553096
2017-10-31,0.0012857457223826416,-0.3000030517578125,233.6300048828125,-1.5930022763445877,1.1271212903351324,-2.349650426010518
2017-11-01,0.0023969419461966866,-0.55999755859375,234.19000244140625,-0.9174349467783731,1.4479410791663767,-2.422425982912684
2017-11-02,0.003287946814269284,-0.7700042724609375,234.9600067138672,-0.31223921404197263,2.009375709621054,-2.427721501606189
2017-11-03,0.0009362698145559726,-0.2199859619140625,235.17999267578125,-0.5655769626293029,0.12455945023749447,0.5017594396406732
2017-11-06,0.0009780210625536406,-0.230010986328125,235.41000366210938,0.6729631415754237,-0.7576949690484271,0.5395845731657076
2017-11-07,4.245574393806517e-05,-0.0099945068359375,235.4199981689453,0.2788821993284652,0.42532800226678585,0.5208233069372904
2017-11-08,0.00016994539645337828,-0.040008544921875,235.4600067138672,0.12406468630287425,-0.15615786498984416,0.5348942566086033
2017-11-09,-0.003142807576928862,0.7400054931640625,234.72000122070312,1.4892736648012659,-1.7803080459480178,0.49858212842457034
2017-11-10,-0.0012355510540798993,0.290008544921875,234.42999267578125,0.9403752095287168,-1.1186172314835767,0.5420053817113097
2017-11-13,0.0009811499957952574,-0.230010986328125,234.66000366210938,0.39147675425616735,-0.3165677594054664,0.5391306715634071
2017-11-14,-0.0016193849692411793,0.3800048828125,234.27999877929688,0.4477740317200186,-0.5571826010288995,0.5288422352445978
2017-11-15,-0.005634249924481108,1.3199920654296875,232.9600067138672,0.2507335605965396,0.02430326622773057,0.5078114610046787
2017-11-16,0.008370522373126769,-1.9499969482421875,234.91000366210938,-0.3685364915058239,0.7661990278999828,0.2934186041847838
2017-11-17,-0.006470581281192632,1.5200042724609375,233.38999938964844,-0.4670567270675636,1.3276336583546602,-1.9927324660682937
2017-11-20,0.003256328500893109,-0.7599945068359375,234.14999389648438,-0.9455835855102988,0.9065576855136523,-2.355399846306323
2017-11-22,-0.002375588888742887,0.55999755859375,235.1699981689453,-1.2411442921955176,0.6859940806921717,-2.363570075147731
2017-11-24,0.0012756859042125405,-0.3000030517578125,235.47000122070312,-0.39668513023774954,0.0844569766335889,0.4743740429685483
2017-11-27,0.0011041512952312251,-0.2599945068359375,235.72999572753906,0.2648078799625024,1.5682484999780935,0.4966152214812684
2017-11-28,0.011071991929988612,-2.6100006103515625,238.33999633789062,0.7011117803073493,-0.15615786498984416,0.5332299507335017
2017-11-29,0.0045313495328060125,-1.0800018310546875,239.4199981689453,-0.5937256013612285,0.26491810785116365,0.5105348706184812
2017-11-30,0.014284513386939427,-3.4199981689453125,242.83999633789062,-0.5937256013612285,0.5456354230785025,0.4536458697968294
2017-12-01,-0.001605993228173943,0.3899993896484375,242.4499969482422,-0.030752826722716724,0.6057891334843606,0.4898066974467623
2017-12-04,0.0027222259039676186,-0.660003662109375,243.11000061035156,-1.1144754179018523,1.4880435527702824,-2.4703882522224276
2017-12-06,-0.0016115011714419975,0.3899993896484375,241.6199951171875,1.4470507067033773,-1.7803080459480178,0.5206720064031903
2017-12-07,0.003062683172413584,-0.7400054931640625,242.36000061035156,-1.2411442921955176,-1.7803080459480178,0.4409366249324179
2017-12-08,0.005198855024190495,-1.2599945068359375,243.6199951171875,-0.32631353340793545,0.06440573983163612,0.43851581638681564
2017-12-11,0.002257626889341521,-0.5500030517578125,244.1699981689453,-0.6500228788250798,0.42532800226678585,0.45848748688803376
2017-12-12,0.005201311717184027,-1.2700042724609375,245.44000244140625,-1.719671150638253,1.8489658152054318,-2.436496932583997
2017-12-13,0.003503913794805596,-0.8600006103515625,246.3000030517578,1.1374156806521962,-0.07595291778203304,0.5326247485971012
2017-12-14,-0.002963847821738192,0.7299957275390625,245.57000732421875,1.7989086908524476,-0.035850444178127765,0.35893173545014334
2017-12-15,0.0027690379749163584,-0.67999267578125,246.25,0.12406468630287425,-0.3366189962074192,0.525664924028495
2017-12-18,0.006253779842163705,-1.5399932861328125,247.7899932861328,0.7574090577712006,-1.0584635210777185,0.54230798277951
2017-12-19,-0.0015739109738708856,0.3899993896484375,247.39999389648438,0.02554445074113454,-0.8579511530581909,0.5398871742339079
2017-12-20,-0.0013338180291293622,0.329986572265625,247.07000732421875,0.02554445074113454,0.3451230550589748,0.4159720368058953
2017-12-21,0.0023879723171594826,-0.589996337890625,247.66000366210938,0.6870374609413865,0.7661990278999828,0.5199155037326897
2017-12-22,-0.0010498657909241568,0.260009765625,247.39999389648438,-0.002604187990791091,-0.2163115753957025,0.5196129026644895
2017-12-26,-0.0006062809223315283,0.149993896484375,247.25,0.23665924123057677,-0.19626033859374972,0.5417027806431095
2017-12-27,0.000930215278216633,-0.2299957275390625,247.47999572753906,1.475199345435303,-0.9381561002660018,0.4264117736588046
2017-12-28,0.0026265119059928357,-0.6500091552734375,248.1300048828125,-1.2552186115614805,-0.47697765382108837,0.3592343365183436
2017-12-29,-0.003022609056708849,0.75,247.3800048828125,-0.5655769626293029,-0.05590168098008055,0.5111400727548817
2018-01-02,0.00258711042532162,-0.6399993896484375,248.02000427246094,0.4477740317200186,1.3075824215527074,0.5359533603473042
2018-01-10,-0.000788008042154703,0.20001220703125,253.6199951171875,0.5040713091838699,-0.19626033859374972,0.5333812512676019
2018-01-11,0.007846406164642349,-1.9900054931640625,255.61000061035156,-0.11519874291849322,-0.2764652858015608,0.5299013389832987
2018-01-12,0.00899809493472795,-2.3000030517578125,257.9100036621094,-0.635948559459117,-0.01579920737617499,0.5150738866414853
2018-01-16,-0.0003877558144144112,0.100006103515625,257.80999755859375,-0.15742170101638167,0.9266089223156051,0.5261188256307954
2018-01-17,0.012683716863729027,-3.269989013671875,261.0799865722656,-0.438908088335638,-1.339180836305057,0.4161233373399954
2018-01-18,-0.0035237588381812,0.91998291015625,260.1600036621094,0.729260419039275,-0.19626033859374972,0.5407949774385086
2018-01-19,0.001460658354333523,-0.3800048828125,260.5400085449219,-0.7766917531187452,-0.6975412586425688,0.009730102747026001
2018-01-22,0.005526991610418894,-1.44000244140625,261.9800109863281,0.02554445074113454,0.4052767654648331,0.5385254694270066
2018-01-23,-0.0004199399363578405,0.110015869140625,261.8699951171875,1.6159425390949311,-0.45692641701913556,0.5406436769044085
2018-01-24,0.002673128728314188,-0.70001220703125,262.57000732421875,-0.2981648946760098,1.1070700535331794,-0.12628907740899759
2018-01-25,0.004494011664950777,-1.17999267578125,263.75,0.5603685866477212,-1.4594882571167738,0.5220337112100916
2018-01-26,0.008189587344490521,-2.160003662109375,265.9100036621094,1.390753429239527,-1.5396932043245848,0.5358020598132041
2018-01-29,-0.006581173990820282,1.75,264.1600036621094,-0.1714960203823445,0.7661990278999828,0.4229318613745015
2018-01-30,-0.013401001271373192,3.540008544921875,260.6199951171875,1.9537262038780387,-1.7803080459480178,-0.006005152799388245
2018-01-31,0.003146371497129507,-0.82000732421875,261.44000244140625,1.2500102355798988,-1.7803080459480178,-0.5204269687398557
2018-02-01,0.0006884664707023549,-0.17999267578125,261.6199951171875,-0.32631353340793545,-0.13610662818789138,0.4009932839299816
2018-02-02,-0.025571449301532153,6.69000244140625,254.92999267578125,0.15221332503479987,-0.8780023898601437,0.4967665220153687
2018-02-05,-0.045738001562450246,11.659988403320312,243.27000427246094,-0.49520536579948926,0.4052767654648331,0.5164355914483865
2018-02-06,0.02338965898579704,-5.69000244140625,248.9600067138672,-0.9455835855102988,1.1271212903351324,-1.8154082401029323
2018-02-07,-0.0008033909127465863,0.20001220703125,248.75999450683594,-0.05890146545464235,-0.11605539138593861,0.49601001934486794
2018-02-08,-0.04056116964423454,10.089996337890625,238.6699981689453,2.699665130274067,-1.439437020314821,0.5395845731657076
2018-02-09,0.014078018335480722,-3.3600006103515625,242.02999877929688,-1.2552186115614805,-0.9181048634640492,0.4073479063621874
2018-02-12,0.017105315087092298,-4.1399993896484375,246.1699981689453,-0.5655769626293029,0.5656866598804553,0.48905019477626155
2018-02-13,0.001624930569317034,-0.4000091552734375,246.57000732421875,0.5322199479157955,-1.7803080459480178,0.5150738866414853
2018-02-15,0.012835928235339123,-3.1999969482421875,252.5,-0.4248337689696752,0.10450821343554169,0.4303455875454083
2018-02-16,-0.002138587271813119,0.5399932861328125,251.9600067138672,-1.072252459803964,1.066967579929274,-2.337243782214307
2018-02-20,-0.010358789255453355,2.6100006103515625,249.35000610351562,-0.3685364915058239,-0.3366189962074192,0.5429131849159106
2018-02-21,-0.0065370156122467335,1.6300048828125,247.72000122070312,-0.3544621721398611,0.02430326622773057,0.47982086219615316
2018-02-22,0.007145181106647799,-1.7700042724609375,249.49000549316406,0.13813900566883708,0.1847131606433528,0.5332299507335017
2018-02-23,0.013707956606057389,-3.4199981689453125,252.91000366210938,-0.41075944960371236,0.8865064487116995,-1.462575394581412
2018-02-26,0.015855481031040664,-4.010009765625,256.9200134277344,-0.5655769626293029,-0.45692641701913556,0.5252110224261944
2018-02-27,-0.0115211215910191,2.9600067138671875,253.9600067138672,-0.8048403918506708,-0.5772338378308522,0.2931160031165836
2018-02-28,-0.014805519240127225,3.760009765625,250.1999969482422,0.2648078799625024,-0.4368751802171828,0.536861163551905
2018-03-01,-0.01686651187919918,4.220001220703125,245.97999572753906,0.8418549739669771,-0.3366189962074192,0.5370124640860052
2018-03-02,-0.002561141698373101,0.6299896240234375,245.35000610351562,-0.14334738165041885,0.5456354230785025,0.4984308278904702
2018-03-05,0.014224536978012294,-3.489990234375,248.83999633789062,-0.3826108108717867,0.10450821343554169,0.5111400727548817
2018-03-06,0.0,0.0,248.83999633789062,-0.8752119886804847,-0.13610662818789138,0.21867614033931587
2018-03-07,-0.0029335948331546684,0.7299957275390625,248.11000061035156,-0.49520536579948926,0.14461068703944724,0.4354898057048129
2018-03-08,0.00415137953634708,-1.029998779296875,249.13999938964844,1.0951927225543077,-1.7803080459480178,0.4407853243983178
2018-03-09,0.01774102183420395,-4.4199981689453125,253.55999755859375,0.1803619637667255,-1.2990783627011515,0.4722558354911463
2018-03-12,-0.006310107509591806,1.5999908447265625,251.9600067138672,-0.5655769626293029,-0.25641404899960807,0.5354994587450038
2018-03-13,-0.0069058796904227,1.7400054931640625,250.22000122070312,-0.19964465911427012,0.8063015015038884,0.37270008405325583
2018-03-14,-0.0093517557608301,2.339996337890625,247.8800048828125,1.2359359162139358,-0.9782585738699074,0.5404923763703083
2018-03-15,0.004518295526567332,-1.1199951171875,249.0,-0.31223921404197263,-0.5571826010288995,0.46030309329723557
2018-03-16,0.000401630937813755,-0.100006103515625,249.10000610351562,0.16628764440076269,0.2849693446531164,0.44471913828492127
2018-03-19,-0.012806111454210954,3.19000244140625,245.91000366210938,-0.7344687950208567,0.5656866598804553,0.1434797748915476
2018-03-20,0.004839178657576547,-1.19000244140625,247.10000610351562,0.5322199479157955,0.3050205814550692,0.4606056943654358
2018-03-21,-0.001942577800370583,0.480010986328125,246.6199951171875,-0.6781715175570054,0.4052767654648331,-0.21631289519857938
2018-03-22,-0.029437980093163875,7.2599945068359375,239.36000061035156,0.419625392988093,0.9065576855136523,0.5206720064031903
2018-03-23,-0.017672107773867244,4.2299957275390625,235.1300048828125,0.053693089473060174,0.26491810785116365,0.4858728835601587
2018-03-26,0.028452355303358712,-6.69000244140625,241.82000732421875,-0.05890146545464235,0.9065576855136523,0.5076601604705786
2018-03-27,-0.014597692213916328,3.5300140380859375,238.2899932861328,-0.15742170101638167,-1.018361047473813,0.3061278490491955
2018-03-28,-4.19426208298069e-05,0.0099945068359375,238.27999877929688,-0.1855703397483073,0.06440573983163612,0.4640856066497389
2018-03-29,0.013093818755964267,-3.1199951171875,241.39999389648438,0.419625392988093,-0.3767214698113245,0.5230928149487926
2018-04-02,-0.021748136423944037,5.25,236.14999389648438,-1.086326779169927,1.4679923159683295,-2.4676648426086256
2018-04-03,0.016938387056462886,-4.0,240.14999389648438,-1.2552186115614805,0.4654304758706914,-2.0904726110969825
2018-04-04,0.009619041749293292,-2.3100128173828125,242.4600067138672,-0.11519874291849322,-0.11605539138593861,0.5162842909142863
2018-04-05,0.01010474668151555,-2.4499969482421875,244.91000366210938,-1.2552186115614805,2.3702979720562034,-2.376128019478042
2018-04-06,-0.02360050097125172,5.779998779296875,239.1300048828125,-0.5515026432633401,0.12455945023749447,0.2978063196736878
2018-04-09,0.0025090571340915277,-0.5999908447265625,239.72999572753906,0.8559292933329399,0.32507181825702197,0.5430644854500107
2018-04-10,0.01785341365525753,-4.279998779296875,244.00999450683594,0.5040713091838699,1.2674799479488017,0.318837093913607
2018-04-11,-0.008729108118412609,2.1299896240234375,241.8800048828125,-0.12927306228445604,0.7260965542960773,0.5140147829027844
2018-04-12,0.012113414158399703,-2.92999267578125,244.80999755859375,-0.04482714608867954,-0.17620910179179694,0.49964123216327117
2018-04-13,-0.005024287160677213,1.2299957275390625,243.5800018310547,-0.39668513023774954,0.3451230550589748,0.49540481720846746
2018-04-16,0.008375044218727517,-2.0399932861328125,245.6199951171875,-0.8892863080464475,-0.05590168098008055,0.47558444724134946
2018-04-17,0.008875531218581008,-2.1800079345703125,247.8000030517578,-0.41075944960371236,-0.6574387850386633,0.5010029369701724
2018-04-18,-0.0016949078441197104,0.4199981689453125,247.3800048828125,-0.635948559459117,1.066967579929274,-2.416373961548679
2018-04-19,-0.0032743048856250837,0.80999755859375,246.57000732421875,0.7574090577712006,-0.3366189962074192,0.5330786501994016
2018-04-20,-0.008476341544377288,2.0900115966796875,244.47999572753906,-0.48113104643352644,0.10450821343554169,0.5028185433793743
2018-04-23,-0.0005316984059845311,0.1299896240234375,244.35000610351562,-0.7766917531187452,0.02430326622773057,0.5321708469948009
2018-04-24,-0.017434048124477245,4.260009765625,240.08999633789062,1.2640845549458615,-0.7376437322464744,0.4064401031575865
2018-04-25,0.0025407164798864766,-0.6100006103515625,240.6999969482422,0.5322199479157955,-0.5571826010288995,0.5414001795749093
2018-04-26,0.010054001660272914,-2.4199981689453125,243.1199951171875,1.081118403188345,-1.7803080459480178,0.39569776523647676
2018-04-27,-0.0006992356546542823,0.1699981689453125,242.9499969482422,1.0529697644564193,-0.05590168098008055,0.541097578506709
2018-04-30,-0.005803678451618836,1.410003662109375,241.5399932861328,-0.8470633499485593,0.5456354230785025,-1.8840986825843948
2018-05-01,-0.003229273830329513,0.779998779296875,240.75999450683594,0.5603685866477212,-0.09600415458398583,0.5361046608814043
2018-05-02,-0.006853272695341943,1.649993896484375,239.11000061035156,-0.6781715175570054,-0.01579920737617499,0.37270008405325583
2018-05-03,-4.179878219407615e-05,0.0099945068359375,239.10000610351562,0.10999036693691143,-0.3767214698113245,0.5353481582109038
2018-05-04,0.01430363062167662,-3.4199981689453125,242.52000427246094,-0.49520536579948926,2.7713227080952594,-2.4493574779825087
2018-05-07,0.003711008909076507,-0.899993896484375,243.4199981689453,0.292956518694428,0.6859940806921717,0.5385254694270066
2018-05-08,0.0,0.0,243.4199981689453,-0.438908088335638,-0.13610662818789138,0.4111304197146907
2018-05-09,0.008134071737872782,-1.9799957275390625,245.39999389648438,0.19443628313268832,-0.2363628121976553,0.5353481582109038
2018-05-10,0.008394510467069431,-2.0600128173828125,247.4600067138672,-1.4804077214168854,1.1872750007409907,-2.281867786733656
2018-05-11,0.00436428733114192,-1.079986572265625,248.5399932861328,3.262637904912579,-1.7803080459480178,-0.3329656069897854
2018-05-14,0.002937197256168332,-0.730010986328125,249.27000427246094,-0.8611376693145221,-0.19626033859374972,0.46711161733174167
2018-05-15,-0.00786298664208643,1.9600067138671875,247.30999755859375,-1.0159551823401127,-0.9983098106718602,0.46105959596773616
2018-05-16,0.0026687302115758747,-0.660003662109375,247.97000122070312,0.37740243489020453,-1.2790271258991988,0.5382228683588064
2018-05-17,-0.0009275143219213731,0.2299957275390625,247.74000549316406,0.3633281155242417,0.6258403702863133,0.5359533603473042
2018-05-18,-0.0029870246094932038,0.7400054931640625,247.0,0.053693089473060174,0.2849693446531164,0.5202181048008899
2018-05-21,0.011902843892332995,-2.94000244140625,249.94000244140625,-0.4670567270675636,0.44537923906873866,0.5321708469948009
2018-05-22,-0.007041729008695202,1.760009765625,248.17999267578125,1.1092670419202706,0.4654304758706914,0.2599811861486534
2018-05-23,0.0018132493364166524,-0.45001220703125,248.6300048828125,-1.072252459803964,-0.035850444178127765,0.24258162472713765
2018-05-24,-0.002895874216961405,0.720001220703125,247.91000366210938,-0.8189147112166336,1.347684895156613,-2.3172721117130886
2018-05-25,-0.0021782442698757864,0.540008544921875,247.3699951171875,-0.31223921404197263,-0.41682394341523,0.5364072619496048
2018-05-29,-0.015846700272150134,3.9199981689453125,243.4499969482422,-0.7766917531187452,-0.035850444178127765,0.5364072619496048
2018-05-30,0.013349763979216457,-3.25,246.6999969482422,-1.719671150638253,0.3050205814550692,-2.3777923253531434
2018-05-31,-0.010214853277803793,2.5200042724609375,244.17999267578125,-0.7485431143868195,-0.41682394341523,0.5149225861073851
2018-06-01,0.00892787288049802,-2.1800079345703125,246.36000061035156,-1.4804077214168854,-0.4970288906230411,0.05315335603376555
2018-06-04,0.007468730042750746,-1.839996337890625,248.1999969482422,-1.142624056633778,0.26491810785116365,0.07917704789898919
2018-06-05,-0.00020146274122734888,0.0500030517578125,248.14999389648438,0.053693089473060174,-0.5571826010288995,0.5400384747680079
2018-06-06,0.013580537815295536,-3.3700103759765625,251.52000427246094,-0.6781715175570054,0.26491810785116365,0.48693198729885967
2018-06-07,0.004015563333649809,-1.0099945068359375,252.52999877929688,-0.5937256013612285,0.8063015015038884,0.3773904006103601
2018-06-08,0.0029303666762015216,-0.7400054931640625,253.27000427246094,-0.6781715175570054,-0.09600415458398583,0.5053906524590764
2018-06-11,0.0004737833741196314,-0.1199951171875,253.38999938964844,-0.34038785277389827,-0.2764652858015608,0.5397358736998077
2018-06-12,-0.0003551692573006161,0.089996337890625,253.3000030517578,-0.7344687950208567,1.90911952561129,-2.3175747127812887
2018-06-13,-0.004421675335502093,1.1200103759765625,252.17999267578125,0.5885172253796468,0.9065576855136523,0.5427618843818105
2018-06-14,-0.0007533792851736941,0.1899871826171875,251.99000549316406,-0.284090575310047,1.0469163431273212,0.4492581543079254
2018-06-15,-0.004960514197988339,1.25,250.74000549316406,-0.5655769626293029,-0.5371313642269467,0.5131069796981834
2018-06-18,-0.004028115751367549,1.010009765625,249.72999572753906,0.011470131375171725,1.5080947895722352,0.522487612812392
2018-06-19,-0.011412288845894049,2.8499908447265625,246.8800048828125,-0.8470633499485593,1.7086071575917623,-2.358123255920126
2018-06-20,-0.0017012239170388654,0.4199981689453125,246.4600067138672,-0.8611376693145221,1.2875311847507545,-2.4109271423210736
2018-06-21,-0.007952635967192428,1.9600067138671875,244.5,0.1803619637667255,0.26491810785116365,0.5377689667565059
2018-06-22,0.004867085649923313,-1.19000244140625,245.69000244140625,-0.016678507356753906,0.02430326622773057,0.5407949774385086
2018-06-25,-0.013757193411313451,3.3800048828125,242.30999755859375,-0.15742170101638167,0.48548171267264423,0.54230798277951
2018-06-26,0.00148570267004567,-0.3600006103515625,242.6699981689453,-0.7485431143868195,-0.3165677594054664,0.5227902138805923
2018-06-27,-0.006387287524017329,1.5500030517578125,241.1199951171875,0.6870374609413865,-0.25641404899960807,0.5407949774385086
2018-06-28,0.003981447964946298,-0.9600067138671875,242.0800018310547,-0.07297578482060517,0.7461477910980301,0.525664924028495
2018-06-29,0.0026850375560472754,-0.649993896484375,242.72999572753906,-1.1707726953657036,-0.2363628121976553,-0.33765592354688967
2018-07-02,0.0,0.0,242.72999572753906,0.13813900566883708,-0.41682394341523,0.5420053817113097
2018-07-03,-0.004408157558865276,1.0699920654296875,241.66000366210938,-0.2700162559440842,0.9266089223156051,0.14741358877815125
2018-07-05,0.00782090276010691,-1.8899993896484375,243.5500030517578,1.3344561517756757,-0.35667023300937195,0.5439722886546117
2018-07-06,0.004311242203247569,-1.0500030517578125,244.60000610351562,1.4048277486054896,-0.5170801274249939,0.5385254694270066
2018-07-09,0.013246075852523995,-3.239990234375,247.83999633789062,-0.8048403918506708,0.20476439744530558,0.4988847294927706
2018-07-10,0.00560845468926409,-1.3899993896484375,249.22999572753906,1.0248211257244937,0.3852255286628803,0.5427618843818105
2018-07-11,-0.008626545493483745,2.149993896484375,247.0800018310547,-0.41075944960371236,-0.9582073370679546,0.5232441154828927
2018-07-12,0.008984949021576785,-2.220001220703125,249.3000030517578,-1.0581781404380013,0.1847131606433528,0.10277993121861057
2018-07-13,0.003610083776443135,-0.899993896484375,250.1999969482422,1.7144627746566707,-0.3767214698113245,0.5217311101418913
2018-07-16,0.0018785021040601858,-0.470001220703125,250.6699981689453,-0.8329890305825964,0.48548171267264423,0.4032627919414836
2018-07-17,0.0024334807308708612,-0.6100006103515625,251.27999877929688,0.011470131375171725,0.1847131606433528,0.5162842909142863
2018-07-18,0.0029847182570974804,-0.75,252.02999877929688,0.3633281155242417,-0.35667023300937195,0.5326247485971012
2018-07-19,-0.0049200710199976535,1.2400054931640625,250.7899932861328,-0.5655769626293029,0.5456354230785025,0.39206655241807353
2018-07-20,-0.001395553467427422,0.3499908447265625,250.44000244140625,-0.5374283238973777,1.728658394393715,-2.3074375769965796
2018-07-23,-0.0007187667018667584,0.1800079345703125,250.25999450683594,-0.5796512819952657,1.9692732360171485,-2.4767428746546334
2018-07-24,0.007791945376143548,-1.95001220703125,252.2100067138672,1.2077872774820102,-0.7376437322464744,0.5414001795749093
2018-07-25,0.007176549345431786,-1.80999755859375,254.02000427246094,0.39147675425616735,0.9065576855136523,0.5342890544722028
2018-07-26,0.0043303315732044325,-1.0999908447265625,255.1199951171875,1.1233413612862333,-0.837899916256238,0.5429131849159106
2018-07-27,-0.0033709651411545673,0.8600006103515625,254.25999450683594,0.011470131375171725,-0.2163115753957025,0.5342890544722028
2018-07-30,-0.00546684267945686,1.3899993896484375,252.8699951171875,0.08184172820498581,0.9867626327214634,0.536861163551905
2018-07-31,0.0051409936997679475,-1.3000030517578125,254.1699981689453,0.3492537961582789,-0.15615786498984416,0.5398871742339079
2018-08-01,-0.004170427533658696,1.05999755859375,253.11000061035156,-0.12927306228445604,0.9667113959195106,0.5072062588682781
2018-08-02,-3.948681131459311e-05,0.0099945068359375,253.10000610351562,0.7151860996733121,0.3451230550589748,0.5351968576768036
2018-08-03,0.0050967730344708756,-1.2899932861328125,254.38999938964844,0.6448145028434981,-0.2163115753957025,0.5385254694270066
2018-08-06,0.0018082735758908374,-0.4600067138671875,254.85000610351562,-0.3544621721398611,0.2849693446531164,0.5420053817113097
2018-08-07,0.004983280295296629,-1.269989013671875,256.1199951171875,-0.31223921404197263,0.36517429186092754,0.49933863109507093
2018-08-08,-0.0019522099388266246,0.5,255.6199951171875,1.4470507067033773,-1.1587197050874822,0.5420053817113097
2018-08-09,-0.0017995128075456092,0.459991455078125,255.16000366210938,0.47592267045194425,-1.1988221786913877,0.4441139361485208
2018-08-10,-0.007289546103058659,1.8600006103515625,253.3000030517578,-0.8470633499485593,0.04435450302968335,0.4817877691394551
2018-08-13,-0.0049743772224413955,1.260009765625,252.0399932861328,-0.15742170101638167,1.8489658152054318,-2.4125914481961757
2018-08-14,0.004642173698227713,-1.170013427734375,253.2100067138672,-0.1855703397483073,0.9466601591175579,0.5333812512676019
2018-08-15,-0.00572652015553949,1.45001220703125,251.75999450683594,1.1937129581160475,-0.09600415458398583,0.543518387052311
2018-08-16,0.016603145955569262,-4.1800079345703125,255.94000244140625,-0.34038785277389827,0.10450821343554169,0.5230928149487926
2018-08-17,0.0022271130686155436,-0.57000732421875,256.510009765625,-0.19964465911427012,1.1070700535331794,0.4896553969126622
2018-08-20,0.0035865380497113733,-0.91998291015625,257.42999267578125,-1.072252459803964,2.3502467352542507,-2.480525388007137
2018-08-21,0.0024861697030134433,-0.6400146484375,258.07000732421875,0.7011117803073493,0.9667113959195106,0.5403410758362082
2018-08-22,-0.003448733379231303,0.8900146484375,257.17999267578125,0.22258492186461395,-0.09600415458398583,0.5120478759594826
2018-08-23,-0.0026829553661124584,0.69000244140625,256.489990234375,-0.9033606274124103,0.7060453174941245,-1.6252234687390597
2018-08-24,0.005302413041140015,-1.360015869140625,257.8500061035156,-0.4670567270675636,0.04435450302968335,0.5085679636751793
2018-08-27,0.010587474904514955,-2.72998046875,260.5799865722656,-0.08705010418656799,-0.05590168098008055,0.5409462779726089
2018-08-28,0.00023036334049095382,-0.060028076171875,260.6400146484375,-0.2700162559440842,0.8263527383058412,0.45773098421753317
2018-08-29,0.0026472217811942225,-0.689971923828125,261.3299865722656,0.02554445074113454,0.1847131606433528,0.5374663656883056
2018-08-30,-0.0050509963435658445,1.319976806640625,260.010009765625,-1.142624056633778,0.7060453174941245,-2.3980665969225616
2018-08-31,-0.0006153750090375502,0.160003662109375,259.8500061035156,1.7566857327545593,-0.07595291778203304,0.5118965754253824
2018-09-04,-0.00046178608569937045,0.1199951171875,259.7300109863281,-0.7344687950208567,1.167223763939038,-2.4667570394040244
2018-09-05,0.00073153826423336,-0.19000244140625,259.9200134277344,-1.142624056633778,0.5456354230785025,-2.3478348196013163
2018-09-06,0.0014234960683024505,-0.3699951171875,260.2900085449219,0.039618770107097356,-0.29651652260351363,0.522487612812392
2018-09-07,-0.0028814014191042682,0.75,259.5400085449219,0.6025915447456096,-0.17620910179179694,0.5300526395173988
2018-09-10,-0.002311805824772385,0.600006103515625,258.94000244140625,0.30703083806039083,0.24486687104921115,0.5439722886546117
2018-09-11,0.004209455192761392,-1.089996337890625,260.0299987792969,-1.0159551823401127,-0.7777462058503798,0.5000951337655717
2018-09-12,0.0008460609227239712,-0.220001220703125,260.25,-0.5374283238973777,0.3451230550589748,0.44940945484202566
2018-09-13,0.005878957845521134,-1.529998779296875,261.7799987792969,-0.9033606274124103,0.3451230550589748,0.0484630394766613
2018-09-14,0.00042026079018121575,-0.110015869140625,261.8900146484375,-1.5507793182466993,0.16466192384140002,-2.4268136984015882
2018-09-17,-0.003474755092632946,0.910003662109375,260.9800109863281,-0.7203944756548939,-0.2764652858015608,0.5412488790408091
2018-09-18,0.0073951743219229,-1.92999267578125,262.9100036621094,0.7574090577712006,-0.2163115753957025,0.54230798277951
2018-09-19,0.005743447356859258,-1.510009765625,264.4200134277344,-0.4529824077016008,-0.29651652260351363,0.48738588890116
2018-09-20,0.0099084599657338,-2.6199951171875,267.0400085449219,-0.25594193657812137,-0.8980536266620964,0.5227902138805923
2018-09-21,0.00029953029398652653,-0.079986572265625,267.1199951171875,-0.9033606274124103,-0.7175924954445215,0.5028185433793743
2018-09-24,-0.006364112460796245,1.699981689453125,265.4200134277344,-0.4670567270675636,-1.5396932043245848,0.5377689667565059
2018-09-25,-0.0025996624463065074,0.69000244140625,264.7300109863281,1.5737195809970428,-1.0384122842757657,0.5424592833136103
2018-09-26,-0.003588607893346527,0.95001220703125,263.7799987792969,-0.016678507356753906,-0.7175924954445215,0.511442673823082
2018-09-27,0.0017817924894918669,-0.470001220703125,264.25,-0.32631353340793545,-1.098565994681624,0.5205207058690902
2018-09-28,0.0005676211787488174,-0.149993896484375,264.3999938964844,-0.6500228788250798,0.6258403702863133,-0.7396614426509549
2018-10-01,0.008812470286046899,-2.33001708984375,266.7300109863281,0.48999698981790707,-0.597285074632805,0.5417027806431095
2018-10-02,0.0031492381932743257,-0.839996337890625,267.57000732421875,3.9804281925766825,-1.7803080459480178,0.5247571208238941
2018-10-03,0.0014202073192457708,-0.3800048828125,267.95001220703125,1.4329763873374153,-0.3767214698113245,0.543518387052311
2018-10-04,-0.0063445125194386545,1.70001220703125,266.25,1.0529697644564193,-1.1186172314835767,0.5374663656883056
2018-10-05,-0.007248798782276996,1.92999267578125,264.32000732421875,0.1803619637667255,-0.035850444178127765,0.5270266288353961
2018-10-08,0.0019294008547046046,-0.509979248046875,264.8299865722656,1.151490000018159,-1.2389246522952935,0.5430644854500107
2018-10-09,-0.0022655122771521245,0.5999755859375,264.2300109863281,0.10999036693691143,-0.29651652260351363,0.5315656448584002
2018-10-10,-0.030920081323226795,8.170013427734375,256.05999755859375,-0.12927306228445604,-0.41682394341523,0.5362559614155045
2018-10-11,-0.022611861834482362,5.7899932861328125,250.27000427246094,0.7433347384052378,-1.5396932043245848,0.5406436769044085
2018-10-12,0.012106919437289865,-3.029998779296875,253.3000030517578,-0.49520536579948926,-1.1988221786913877,0.48405727715095703
2018-10-15,-0.0037899988247178406,0.9600067138671875,252.33999633789062,0.5885172253796468,-0.5571826010288995,0.5438209881205114
2018-10-16,0.022113090159405185,-5.58001708984375,257.9200134277344,-0.9455835855102988,0.10450821343554169,-0.14126783028491122
2018-10-17,-0.0036833597920753456,0.95001220703125,256.9700012207031,-0.4670567270675636,-0.39677270661327724,0.5321708469948009
2018-10-18,-0.012803084131583882,3.290008544921875,253.67999267578125,-0.19964465911427012,0.004252029425777791,0.5348942566086033
2018-10-19,0.0025229212666190762,-0.6400146484375,254.32000732421875,-0.8611376693145221,-1.5396932043245848,0.5156790887778858
2018-10-22,-0.005033084308047055,1.2800140380859375,253.0399932861328,-0.002604187990791091,0.20476439744530558,0.5415514801090093
2018-10-23,-0.005414144615623411,1.3699951171875,251.6699981689453,-0.7203944756548939,-0.5571826010288995,0.5252110224261944
2018-10-24,-0.023959942874275206,6.029998779296875,245.63999938964844,0.48999698981790707,-0.6173363114347576,0.5188563999939887
2018-10-25,0.016813242521879535,-4.1300048828125,249.77000427246094,-1.4522590826849597,1.2273774743448962,-2.4489035763802085
2018-10-26,-0.012971955950441956,3.2400054931640625,246.52999877929688,0.10999036693691143,0.5857378966824078,0.5376176662224057
2018-10-29,-0.008355971154804324,2.05999755859375,244.47000122070312,-0.002604187990791091,0.665942843890219,0.5392819720975072
2018-10-30,0.017302718969270582,-4.2299957275390625,248.6999969482422,1.1233413612862333,-0.5170801274249939,0.5441235891887117
2018-10-31,0.010012084936544112,-2.4900054931640625,251.19000244140625,0.12406468630287425,0.8664552119097467,0.5297500384491985
2018-11-01,0.010111840684126364,-2.5399932861328125,253.72999572753906,0.48999698981790707,-1.098565994681624,0.535650759279104
2018-11-02,-0.00500527740139805,1.269989013671875,252.4600067138672,-0.34038785277389827,-0.6574387850386633,0.516889493050687
2018-11-05,0.008001223797642086,-2.019989013671875,254.47999572753906,0.47592267045194425,-0.4970288906230411,0.5445774907910121
2018-11-06,0.00687682838796779,-1.7500152587890625,256.2300109863281,-0.12927306228445604,-0.47697765382108837,0.5401897753021081
2018-11-07,0.021660178570046134,-5.54998779296875,261.7799987792969,0.053693089473060174,-0.7576949690484271,0.5436696875864112
2018-11-08,0.0012224284731873034,-0.32000732421875,262.1000061035156,-0.39668513023774954,0.42532800226678585,0.028491368975443167
2018-11-09,-0.0076688657719113235,2.010009765625,260.0899963378906,-1.142624056633778,-0.07595291778203304,-0.5287484981153633
2018-11-12,-0.02256909223667955,5.8699951171875,254.22000122070312,0.053693089473060174,0.8263527383058412,0.5409462779726089
2018-11-13,-0.004562991332465256,1.160003662109375,253.05999755859375,-1.1285497372678153,1.1872750007409907,-2.409262836445972
2018-11-14,-0.008495984814773276,2.149993896484375,250.91000366210938,-0.31223921404197263,-0.597285074632805,0.5134095807663837
2018-11-15,0.00920647851771001,-2.30999755859375,253.22000122070312,-0.8329890305825964,0.9466601591175579,-2.3266527448272973
2018-11-16,0.003277789380986809,-0.8300018310546875,254.0500030517578,1.2781588743118244,-1.5797956779284903,0.536709863017805
2018-11-19,-0.01649282578655438,4.19000244140625,249.86000061035156,-0.15742170101638167,-0.2163115753957025,0.5424592833136103
2018-11-20,-0.02145201551772309,5.3600006103515625,244.5,-0.11519874291849322,-0.5571826010288995,0.44381133508032056
2018-11-21,0.0006134719692612474,-0.149993896484375,244.64999389648438,0.7011117803073493,-0.7576949690484271,0.5200668042667899
2018-11-23,-0.007520933512343185,1.839996337890625,242.80999755859375,0.011470131375171725,1.2073262375429434,0.5188563999939887
2018-11-26,0.014744046238008707,-3.5800018310546875,246.38999938964844,-0.5233540045314149,0.8063015015038884,0.41037391704419013
2018-11-27,0.004505055453148383,-1.1100006103515625,247.5,-1.00188086297415,1.066967579929274,-2.437404735788598
2018-11-28,0.0256161468197601,-6.339996337890625,253.83999633789062,-0.15742170101638167,-0.05590168098008055,0.5364072619496048
2018-11-29,-0.0009848723747506712,0.25,253.58999633789062,-0.2981648946760098,0.4052767654648331,0.48572158302605856
2018-11-30,0.007571269358697618,-1.9199981689453125,255.50999450683594,0.053693089473060174,-0.6373875482367104,0.5404923763703083
2018-12-03,0.012602311254818798,-3.2200164794921875,258.7300109863281,0.039618770107097356,-0.4368751802171828,0.5414001795749093
2018-12-04,-0.030920322031029485,8.000015258789062,250.72999572753906,0.2507335605965396,-1.599846914730443,0.5386767699611067
2018-12-06,-0.004028215706322864,1.0099945068359375,249.72000122070312,0.13813900566883708,-0.05590168098008055,0.5374663656883056
2018-12-07,-0.021664278534613658,5.410003662109375,244.30999755859375,-0.9455835855102988,0.20476439744530558,-1.7352189570298595
2018-12-10,0.0016373016219997376,-0.4000091552734375,244.7100067138672,-0.6640971981910426,-0.5571826010288995,0.5358020598132041
2018-12-11,-0.0019615502969169093,0.480010986328125,244.22999572753906,-0.6922458369229683,-0.13610662818789138,0.5025159423111738
2018-12-12,0.006755964394783734,-1.6500091552734375,245.8800048828125,0.3633281155242417,0.4654304758706914,0.5002464342996719
2018-12-13,0.0015861370664699349,-0.3899993896484375,246.27000427246094,-1.086326779169927,0.8263527383058412,-1.951427420258956
2018-12-14,-0.01969385641521254,4.850006103515625,241.4199981689453,0.32110515742635365,0.24486687104921115,0.49933863109507093
2018-12-17,-0.020669395787469375,4.9900054931640625,236.42999267578125,-0.4529824077016008,1.2073262375429434,-2.4425489539480028
2018-12-18,0.00393354465753269,-0.9300079345703125,237.36000061035156,-0.7344687950208567,-0.25641404899960807,0.4966152214812684
2018-12-19,-0.016599268753264493,3.94000244140625,233.4199981689453,-0.41075944960371236,0.32507181825702197,0.5214285090736911
2018-12-20,-0.019407072293857793,4.529998779296875,228.88999938964844,-0.1855703397483073,0.26491810785116365,0.5276318309717967
2018-12-21,-0.020970785375321613,4.8000030517578125,224.08999633789062,-0.22779329784619576,-0.2363628121976553,0.5391306715634071
2018-12-24,-0.026730288421010485,5.989990234375,218.10000610351562,-0.016678507356753906,0.2849693446531164,0.5432157859841108
2018-12-26,0.0486474108823078,-10.610000610351562,228.7100067138672,0.33517947679231647,-0.7576949690484271,0.5374663656883056
2018-12-27,0.011149436920610866,-2.54998779296875,231.25999450683594,-0.14334738165041885,-0.25641404899960807,0.37799560274676075
2018-12-28,-0.003372821922616705,0.779998779296875,230.47999572753906,-1.2270699728295549,-0.05590168098008055,0.21580143019141326
2018-12-31,0.011801463342261438,-2.720001220703125,233.1999969482422,-0.9737322242422244,0.3050205814550692,-0.4158782996766608
2019-01-02,0.0006861220591906233,-0.160003662109375,233.36000061035156,0.12406468630287425,-0.6975412586425688,0.44456783775082115
